,e_serial_p0,Direction_p0,e_high_p0,e_low_p0,e_close_p0,e_serial_p1,Direction_p1,e_high_p1,e_low_p1,e_close_p1,e_serial_p2,Direction_p2,e_high_p2,e_low_p2,e_close_p2,e_serial_p3,Direction_p3,e_high_p3,e_low_p3,e_close_p3,e_serial_p4,Direction_p4,e_high_p4,e_low_p4,e_close_p4,e_serial_p5,Direction_p5,e_high_p5,e_low_p5,e_close_p5,w0,w1,w2,w3,w4,w5,c_serial,c_high,c_low,c_close,c_time
0,255,Bear,1.1173,1.1157,1.1165,306,Bull,1.1085,1.1077,1.1083,328,Bear,1.1118,1.1108,1.1114,379,Bull,1.1046,1.1036,1.1041,395,Bear,1.1062,1.1045,1.1047,399,Bull,1.1037,1.1026,1.1028,2020-01-16 20:00:00,2020-01-20 23:00:00,2020-01-21 21:00:00,2020-01-24 00:00:00,2020-01-24 16:00:00,2020-01-24 20:00:00,401,1.104,1.1029,1.1031,2020-01-24 22:00:00
1,255,Bear,1.1173,1.1157,1.1165,354,Bull,1.1078,1.107,1.1076,376,Bear,1.1109,1.108,1.1087,379,Bull,1.1046,1.1036,1.1041,395,Bear,1.1062,1.1045,1.1047,399,Bull,1.1037,1.1026,1.1028,2020-01-16 20:00:00,2020-01-22 23:00:00,2020-01-23 21:00:00,2020-01-24 00:00:00,2020-01-24 16:00:00,2020-01-24 20:00:00,401,1.104,1.1029,1.1031,2020-01-24 22:00:00
2,328,Bear,1.1118,1.1108,1.1114,354,Bull,1.1078,1.107,1.1076,376,Bear,1.1109,1.108,1.1087,379,Bull,1.1046,1.1036,1.1041,395,Bear,1.1062,1.1045,1.1047,399,Bull,1.1037,1.1026,1.1028,2020-01-21 21:00:00,2020-01-22 23:00:00,2020-01-23 21:00:00,2020-01-24 00:00:00,2020-01-24 16:00:00,2020-01-24 20:00:00,401,1.104,1.1029,1.1031,2020-01-24 22:00:00
3,255,Bear,1.1173,1.1157,1.1165,306,Bull,1.1085,1.1077,1.1083,328,Bear,1.1118,1.1108,1.1114,379,Bull,1.1046,1.1036,1.1041,395,Bear,1.1062,1.1045,1.1047,403,Bull,1.1028,1.102,1.1025,2020-01-16 20:00:00,2020-01-20 23:00:00,2020-01-21 21:00:00,2020-01-24 00:00:00,2020-01-24 16:00:00,2020-01-25 00:00:00,406,1.1033,1.1028,1.103,2020-01-25 03:00:00
4,255,Bear,1.1173,1.1157,1.1165,354,Bull,1.1078,1.107,1.1076,376,Bear,1.1109,1.108,1.1087,379,Bull,1.1046,1.1036,1.1041,395,Bear,1.1062,1.1045,1.1047,403,Bull,1.1028,1.102,1.1025,2020-01-16 20:00:00,2020-01-22 23:00:00,2020-01-23 21:00:00,2020-01-24 00:00:00,2020-01-24 16:00:00,2020-01-25 00:00:00,406,1.1033,1.1028,1.103,2020-01-25 03:00:00
5,328,Bear,1.1118,1.1108,1.1114,354,Bull,1.1078,1.107,1.1076,376,Bear,1.1109,1.108,1.1087,379,Bull,1.1046,1.1036,1.1041,395,Bear,1.1062,1.1045,1.1047,403,Bull,1.1028,1.102,1.1025,2020-01-21 21:00:00,2020-01-22 23:00:00,2020-01-23 21:00:00,2020-01-24 00:00:00,2020-01-24 16:00:00,2020-01-25 00:00:00,406,1.1033,1.1028,1.103,2020-01-25 03:00:00
6,255,Bear,1.1173,1.1157,1.1165,306,Bull,1.1085,1.1077,1.1083,328,Bear,1.1118,1.1108,1.1114,379,Bull,1.1046,1.1036,1.1041,395,Bear,1.1062,1.1045,1.1047,420,Bull,1.1028,1.1015,1.1021,2020-01-16 20:00:00,2020-01-20 23:00:00,2020-01-21 21:00:00,2020-01-24 00:00:00,2020-01-24 16:00:00,2020-01-27 17:00:00,424,1.1032,1.1022,1.1027,2020-01-27 21:00:00
7,255,Bear,1.1173,1.1157,1.1165,306,Bull,1.1085,1.1077,1.1083,328,Bear,1.1118,1.1108,1.1114,403,Bull,1.1028,1.102,1.1025,418,Bear,1.1038,1.1028,1.1035,420,Bull,1.1028,1.1015,1.1021,2020-01-16 20:00:00,2020-01-20 23:00:00,2020-01-21 21:00:00,2020-01-25 00:00:00,2020-01-27 15:00:00,2020-01-27 17:00:00,424,1.1032,1.1022,1.1027,2020-01-27 21:00:00
8,255,Bear,1.1173,1.1157,1.1165,354,Bull,1.1078,1.107,1.1076,376,Bear,1.1109,1.108,1.1087,379,Bull,1.1046,1.1036,1.1041,395,Bear,1.1062,1.1045,1.1047,420,Bull,1.1028,1.1015,1.1021,2020-01-16 20:00:00,2020-01-22 23:00:00,2020-01-23 21:00:00,2020-01-24 00:00:00,2020-01-24 16:00:00,2020-01-27 17:00:00,424,1.1032,1.1022,1.1027,2020-01-27 21:00:00
9,255,Bear,1.1173,1.1157,1.1165,354,Bull,1.1078,1.107,1.1076,376,Bear,1.1109,1.108,1.1087,403,Bull,1.1028,1.102,1.1025,418,Bear,1.1038,1.1028,1.1035,420,Bull,1.1028,1.1015,1.1021,2020-01-16 20:00:00,2020-01-22 23:00:00,2020-01-23 21:00:00,2020-01-25 00:00:00,2020-01-27 15:00:00,2020-01-27 17:00:00,424,1.1032,1.1022,1.1027,2020-01-27 21:00:00
10,255,Bear,1.1173,1.1157,1.1165,379,Bull,1.1046,1.1036,1.1041,395,Bear,1.1062,1.1045,1.1047,403,Bull,1.1028,1.102,1.1025,418,Bear,1.1038,1.1028,1.1035,420,Bull,1.1028,1.1015,1.1021,2020-01-16 20:00:00,2020-01-24 00:00:00,2020-01-24 16:00:00,2020-01-25 00:00:00,2020-01-27 15:00:00,2020-01-27 17:00:00,424,1.1032,1.1022,1.1027,2020-01-27 21:00:00
11,328,Bear,1.1118,1.1108,1.1114,354,Bull,1.1078,1.107,1.1076,376,Bear,1.1109,1.108,1.1087,379,Bull,1.1046,1.1036,1.1041,395,Bear,1.1062,1.1045,1.1047,420,Bull,1.1028,1.1015,1.1021,2020-01-21 21:00:00,2020-01-22 23:00:00,2020-01-23 21:00:00,2020-01-24 00:00:00,2020-01-24 16:00:00,2020-01-27 17:00:00,424,1.1032,1.1022,1.1027,2020-01-27 21:00:00
12,328,Bear,1.1118,1.1108,1.1114,354,Bull,1.1078,1.107,1.1076,376,Bear,1.1109,1.108,1.1087,403,Bull,1.1028,1.102,1.1025,418,Bear,1.1038,1.1028,1.1035,420,Bull,1.1028,1.1015,1.1021,2020-01-21 21:00:00,2020-01-22 23:00:00,2020-01-23 21:00:00,2020-01-25 00:00:00,2020-01-27 15:00:00,2020-01-27 17:00:00,424,1.1032,1.1022,1.1027,2020-01-27 21:00:00
13,328,Bear,1.1118,1.1108,1.1114,379,Bull,1.1046,1.1036,1.1041,395,Bear,1.1062,1.1045,1.1047,403,Bull,1.1028,1.102,1.1025,418,Bear,1.1038,1.1028,1.1035,420,Bull,1.1028,1.1015,1.1021,2020-01-21 21:00:00,2020-01-24 00:00:00,2020-01-24 16:00:00,2020-01-25 00:00:00,2020-01-27 15:00:00,2020-01-27 17:00:00,424,1.1032,1.1022,1.1027,2020-01-27 21:00:00
14,376,Bear,1.1109,1.108,1.1087,379,Bull,1.1046,1.1036,1.1041,395,Bear,1.1062,1.1045,1.1047,403,Bull,1.1028,1.102,1.1025,418,Bear,1.1038,1.1028,1.1035,420,Bull,1.1028,1.1015,1.1021,2020-01-23 21:00:00,2020-01-24 00:00:00,2020-01-24 16:00:00,2020-01-25 00:00:00,2020-01-27 15:00:00,2020-01-27 17:00:00,424,1.1032,1.1022,1.1027,2020-01-27 21:00:00
15,255,Bear,1.1173,1.1157,1.1165,306,Bull,1.1085,1.1077,1.1083,328,Bear,1.1118,1.1108,1.1114,379,Bull,1.1046,1.1036,1.1041,395,Bear,1.1062,1.1045,1.1047,450,Bull,1.1006,1.0998,1.1,2020-01-16 20:00:00,2020-01-20 23:00:00,2020-01-21 21:00:00,2020-01-24 00:00:00,2020-01-24 16:00:00,2020-01-28 23:00:00,453,1.1014,1.1009,1.1012,2020-01-29 02:00:00
16,255,Bear,1.1173,1.1157,1.1165,306,Bull,1.1085,1.1077,1.1083,328,Bear,1.1118,1.1108,1.1114,403,Bull,1.1028,1.102,1.1025,418,Bear,1.1038,1.1028,1.1035,450,Bull,1.1006,1.0998,1.1,2020-01-16 20:00:00,2020-01-20 23:00:00,2020-01-21 21:00:00,2020-01-25 00:00:00,2020-01-27 15:00:00,2020-01-28 23:00:00,453,1.1014,1.1009,1.1012,2020-01-29 02:00:00
17,255,Bear,1.1173,1.1157,1.1165,354,Bull,1.1078,1.107,1.1076,376,Bear,1.1109,1.108,1.1087,379,Bull,1.1046,1.1036,1.1041,395,Bear,1.1062,1.1045,1.1047,450,Bull,1.1006,1.0998,1.1,2020-01-16 20:00:00,2020-01-22 23:00:00,2020-01-23 21:00:00,2020-01-24 00:00:00,2020-01-24 16:00:00,2020-01-28 23:00:00,453,1.1014,1.1009,1.1012,2020-01-29 02:00:00
18,255,Bear,1.1173,1.1157,1.1165,354,Bull,1.1078,1.107,1.1076,376,Bear,1.1109,1.108,1.1087,403,Bull,1.1028,1.102,1.1025,418,Bear,1.1038,1.1028,1.1035,450,Bull,1.1006,1.0998,1.1,2020-01-16 20:00:00,2020-01-22 23:00:00,2020-01-23 21:00:00,2020-01-25 00:00:00,2020-01-27 15:00:00,2020-01-28 23:00:00,453,1.1014,1.1009,1.1012,2020-01-29 02:00:00
19,255,Bear,1.1173,1.1157,1.1165,379,Bull,1.1046,1.1036,1.1041,395,Bear,1.1062,1.1045,1.1047,403,Bull,1.1028,1.102,1.1025,418,Bear,1.1038,1.1028,1.1035,450,Bull,1.1006,1.0998,1.1,2020-01-16 20:00:00,2020-01-24 00:00:00,2020-01-24 16:00:00,2020-01-25 00:00:00,2020-01-27 15:00:00,2020-01-28 23:00:00,453,1.1014,1.1009,1.1012,2020-01-29 02:00:00
20,328,Bear,1.1118,1.1108,1.1114,354,Bull,1.1078,1.107,1.1076,376,Bear,1.1109,1.108,1.1087,379,Bull,1.1046,1.1036,1.1041,395,Bear,1.1062,1.1045,1.1047,450,Bull,1.1006,1.0998,1.1,2020-01-21 21:00:00,2020-01-22 23:00:00,2020-01-23 21:00:00,2020-01-24 00:00:00,2020-01-24 16:00:00,2020-01-28 23:00:00,453,1.1014,1.1009,1.1012,2020-01-29 02:00:00
21,328,Bear,1.1118,1.1108,1.1114,354,Bull,1.1078,1.107,1.1076,376,Bear,1.1109,1.108,1.1087,403,Bull,1.1028,1.102,1.1025,418,Bear,1.1038,1.1028,1.1035,450,Bull,1.1006,1.0998,1.1,2020-01-21 21:00:00,2020-01-22 23:00:00,2020-01-23 21:00:00,2020-01-25 00:00:00,2020-01-27 15:00:00,2020-01-28 23:00:00,453,1.1014,1.1009,1.1012,2020-01-29 02:00:00
22,328,Bear,1.1118,1.1108,1.1114,379,Bull,1.1046,1.1036,1.1041,395,Bear,1.1062,1.1045,1.1047,403,Bull,1.1028,1.102,1.1025,418,Bear,1.1038,1.1028,1.1035,450,Bull,1.1006,1.0998,1.1,2020-01-21 21:00:00,2020-01-24 00:00:00,2020-01-24 16:00:00,2020-01-25 00:00:00,2020-01-27 15:00:00,2020-01-28 23:00:00,453,1.1014,1.1009,1.1012,2020-01-29 02:00:00
23,376,Bear,1.1109,1.108,1.1087,379,Bull,1.1046,1.1036,1.1041,395,Bear,1.1062,1.1045,1.1047,403,Bull,1.1028,1.102,1.1025,418,Bear,1.1038,1.1028,1.1035,450,Bull,1.1006,1.0998,1.1,2020-01-23 21:00:00,2020-01-24 00:00:00,2020-01-24 16:00:00,2020-01-25 00:00:00,2020-01-27 15:00:00,2020-01-28 23:00:00,453,1.1014,1.1009,1.1012,2020-01-29 02:00:00
24,255,Bear,1.1173,1.1157,1.1165,306,Bull,1.1085,1.1077,1.1083,328,Bear,1.1118,1.1108,1.1114,379,Bull,1.1046,1.1036,1.1041,395,Bear,1.1062,1.1045,1.1047,472,Bull,1.1001,1.0992,1.0992,2020-01-16 20:00:00,2020-01-20 23:00:00,2020-01-21 21:00:00,2020-01-24 00:00:00,2020-01-24 16:00:00,2020-01-29 21:00:00,474,1.101,1.0994,1.0999,2020-01-29 23:00:00
25,255,Bear,1.1173,1.1157,1.1165,306,Bull,1.1085,1.1077,1.1083,328,Bear,1.1118,1.1108,1.1114,403,Bull,1.1028,1.102,1.1025,418,Bear,1.1038,1.1028,1.1035,472,Bull,1.1001,1.0992,1.0992,2020-01-16 20:00:00,2020-01-20 23:00:00,2020-01-21 21:00:00,2020-01-25 00:00:00,2020-01-27 15:00:00,2020-01-29 21:00:00,474,1.101,1.0994,1.0999,2020-01-29 23:00:00
26,255,Bear,1.1173,1.1157,1.1165,306,Bull,1.1085,1.1077,1.1083,328,Bear,1.1118,1.1108,1.1114,450,Bull,1.1006,1.0998,1.1,459,Bear,1.1028,1.102,1.1023,472,Bull,1.1001,1.0992,1.0992,2020-01-16 20:00:00,2020-01-20 23:00:00,2020-01-21 21:00:00,2020-01-28 23:00:00,2020-01-29 08:00:00,2020-01-29 21:00:00,474,1.101,1.0994,1.0999,2020-01-29 23:00:00
27,255,Bear,1.1173,1.1157,1.1165,354,Bull,1.1078,1.107,1.1076,376,Bear,1.1109,1.108,1.1087,379,Bull,1.1046,1.1036,1.1041,395,Bear,1.1062,1.1045,1.1047,472,Bull,1.1001,1.0992,1.0992,2020-01-16 20:00:00,2020-01-22 23:00:00,2020-01-23 21:00:00,2020-01-24 00:00:00,2020-01-24 16:00:00,2020-01-29 21:00:00,474,1.101,1.0994,1.0999,2020-01-29 23:00:00
28,255,Bear,1.1173,1.1157,1.1165,354,Bull,1.1078,1.107,1.1076,376,Bear,1.1109,1.108,1.1087,403,Bull,1.1028,1.102,1.1025,418,Bear,1.1038,1.1028,1.1035,472,Bull,1.1001,1.0992,1.0992,2020-01-16 20:00:00,2020-01-22 23:00:00,2020-01-23 21:00:00,2020-01-25 00:00:00,2020-01-27 15:00:00,2020-01-29 21:00:00,474,1.101,1.0994,1.0999,2020-01-29 23:00:00
29,255,Bear,1.1173,1.1157,1.1165,354,Bull,1.1078,1.107,1.1076,376,Bear,1.1109,1.108,1.1087,450,Bull,1.1006,1.0998,1.1,459,Bear,1.1028,1.102,1.1023,472,Bull,1.1001,1.0992,1.0992,2020-01-16 20:00:00,2020-01-22 23:00:00,2020-01-23 21:00:00,2020-01-28 23:00:00,2020-01-29 08:00:00,2020-01-29 21:00:00,474,1.101,1.0994,1.0999,2020-01-29 23:00:00
30,255,Bear,1.1173,1.1157,1.1165,379,Bull,1.1046,1.1036,1.1041,395,Bear,1.1062,1.1045,1.1047,450,Bull,1.1006,1.0998,1.1,459,Bear,1.1028,1.102,1.1023,472,Bull,1.1001,1.0992,1.0992,2020-01-16 20:00:00,2020-01-24 00:00:00,2020-01-24 16:00:00,2020-01-28 23:00:00,2020-01-29 08:00:00,2020-01-29 21:00:00,474,1.101,1.0994,1.0999,2020-01-29 23:00:00
31,328,Bear,1.1118,1.1108,1.1114,354,Bull,1.1078,1.107,1.1076,376,Bear,1.1109,1.108,1.1087,379,Bull,1.1046,1.1036,1.1041,395,Bear,1.1062,1.1045,1.1047,472,Bull,1.1001,1.0992,1.0992,2020-01-21 21:00:00,2020-01-22 23:00:00,2020-01-23 21:00:00,2020-01-24 00:00:00,2020-01-24 16:00:00,2020-01-29 21:00:00,474,1.101,1.0994,1.0999,2020-01-29 23:00:00
32,328,Bear,1.1118,1.1108,1.1114,354,Bull,1.1078,1.107,1.1076,376,Bear,1.1109,1.108,1.1087,403,Bull,1.1028,1.102,1.1025,418,Bear,1.1038,1.1028,1.1035,472,Bull,1.1001,1.0992,1.0992,2020-01-21 21:00:00,2020-01-22 23:00:00,2020-01-23 21:00:00,2020-01-25 00:00:00,2020-01-27 15:00:00,2020-01-29 21:00:00,474,1.101,1.0994,1.0999,2020-01-29 23:00:00
33,328,Bear,1.1118,1.1108,1.1114,354,Bull,1.1078,1.107,1.1076,376,Bear,1.1109,1.108,1.1087,450,Bull,1.1006,1.0998,1.1,459,Bear,1.1028,1.102,1.1023,472,Bull,1.1001,1.0992,1.0992,2020-01-21 21:00:00,2020-01-22 23:00:00,2020-01-23 21:00:00,2020-01-28 23:00:00,2020-01-29 08:00:00,2020-01-29 21:00:00,474,1.101,1.0994,1.0999,2020-01-29 23:00:00
34,328,Bear,1.1118,1.1108,1.1114,379,Bull,1.1046,1.1036,1.1041,395,Bear,1.1062,1.1045,1.1047,450,Bull,1.1006,1.0998,1.1,459,Bear,1.1028,1.102,1.1023,472,Bull,1.1001,1.0992,1.0992,2020-01-21 21:00:00,2020-01-24 00:00:00,2020-01-24 16:00:00,2020-01-28 23:00:00,2020-01-29 08:00:00,2020-01-29 21:00:00,474,1.101,1.0994,1.0999,2020-01-29 23:00:00
35,376,Bear,1.1109,1.108,1.1087,379,Bull,1.1046,1.1036,1.1041,395,Bear,1.1062,1.1045,1.1047,450,Bull,1.1006,1.0998,1.1,459,Bear,1.1028,1.102,1.1023,472,Bull,1.1001,1.0992,1.0992,2020-01-23 21:00:00,2020-01-24 00:00:00,2020-01-24 16:00:00,2020-01-28 23:00:00,2020-01-29 08:00:00,2020-01-29 21:00:00,474,1.101,1.0994,1.0999,2020-01-29 23:00:00
36,528,Bear,1.1096,1.109,1.1095,598,Bull,1.1003,1.0994,1.0996,611,Bear,1.1014,1.0994,1.0996,682,Bull,1.0914,1.0906,1.0914,686,Bear,1.0921,1.0913,1.0913,688,Bull,1.091,1.0891,1.0904,2020-02-01 05:00:00,2020-02-06 03:00:00,2020-02-06 16:00:00,2020-02-11 15:00:00,2020-02-11 19:00:00,2020-02-11 21:00:00,690,1.0925,1.0912,1.0916,2020-02-11 23:00:00
37,587,Bear,1.1048,1.1037,1.1042,598,Bull,1.1003,1.0994,1.0996,611,Bear,1.1014,1.0994,1.0996,682,Bull,1.0914,1.0906,1.0914,686,Bear,1.0921,1.0913,1.0913,688,Bull,1.091,1.0891,1.0904,2020-02-05 16:00:00,2020-02-06 03:00:00,2020-02-06 16:00:00,2020-02-11 15:00:00,2020-02-11 19:00:00,2020-02-11 21:00:00,690,1.0925,1.0912,1.0916,2020-02-11 23:00:00
38,528,Bear,1.1096,1.109,1.1095,598,Bull,1.1003,1.0994,1.0996,611,Bear,1.1014,1.0994,1.0996,688,Bull,1.091,1.0891,1.0904,707,Bear,1.0926,1.0912,1.0922,718,Bull,1.0878,1.0865,1.0866,2020-02-01 05:00:00,2020-02-06 03:00:00,2020-02-06 16:00:00,2020-02-11 21:00:00,2020-02-12 16:00:00,2020-02-13 03:00:00,731,1.0888,1.0876,1.0887,2020-02-13 16:00:00
39,587,Bear,1.1048,1.1037,1.1042,598,Bull,1.1003,1.0994,1.0996,611,Bear,1.1014,1.0994,1.0996,688,Bull,1.091,1.0891,1.0904,707,Bear,1.0926,1.0912,1.0922,718,Bull,1.0878,1.0865,1.0866,2020-02-05 16:00:00,2020-02-06 03:00:00,2020-02-06 16:00:00,2020-02-11 21:00:00,2020-02-12 16:00:00,2020-02-13 03:00:00,731,1.0888,1.0876,1.0887,2020-02-13 16:00:00
40,528,Bear,1.1096,1.109,1.1095,598,Bull,1.1003,1.0994,1.0996,611,Bear,1.1014,1.0994,1.0996,688,Bull,1.091,1.0891,1.0904,707,Bear,1.0926,1.0912,1.0922,747,Bull,1.0842,1.0827,1.0838,2020-02-01 05:00:00,2020-02-06 03:00:00,2020-02-06 16:00:00,2020-02-11 21:00:00,2020-02-12 16:00:00,2020-02-14 08:00:00,756,1.085,1.084,1.0845,2020-02-14 17:00:00
41,528,Bear,1.1096,1.109,1.1095,598,Bull,1.1003,1.0994,1.0996,611,Bear,1.1014,1.0994,1.0996,718,Bull,1.0878,1.0865,1.0866,732,Bear,1.0889,1.0882,1.0883,747,Bull,1.0842,1.0827,1.0838,2020-02-01 05:00:00,2020-02-06 03:00:00,2020-02-06 16:00:00,2020-02-13 03:00:00,2020-02-13 17:00:00,2020-02-14 08:00:00,756,1.085,1.084,1.0845,2020-02-14 17:00:00
42,587,Bear,1.1048,1.1037,1.1042,598,Bull,1.1003,1.0994,1.0996,611,Bear,1.1014,1.0994,1.0996,688,Bull,1.091,1.0891,1.0904,707,Bear,1.0926,1.0912,1.0922,747,Bull,1.0842,1.0827,1.0838,2020-02-05 16:00:00,2020-02-06 03:00:00,2020-02-06 16:00:00,2020-02-11 21:00:00,2020-02-12 16:00:00,2020-02-14 08:00:00,756,1.085,1.084,1.0845,2020-02-14 17:00:00
43,587,Bear,1.1048,1.1037,1.1042,598,Bull,1.1003,1.0994,1.0996,611,Bear,1.1014,1.0994,1.0996,718,Bull,1.0878,1.0865,1.0866,732,Bear,1.0889,1.0882,1.0883,747,Bull,1.0842,1.0827,1.0838,2020-02-05 16:00:00,2020-02-06 03:00:00,2020-02-06 16:00:00,2020-02-13 03:00:00,2020-02-13 17:00:00,2020-02-14 08:00:00,756,1.085,1.084,1.0845,2020-02-14 17:00:00
44,528,Bear,1.1096,1.109,1.1095,598,Bull,1.1003,1.0994,1.0996,611,Bear,1.1014,1.0994,1.0996,688,Bull,1.091,1.0891,1.0904,707,Bear,1.0926,1.0912,1.0922,796,Bull,1.0829,1.0823,1.0828,2020-02-01 05:00:00,2020-02-06 03:00:00,2020-02-06 16:00:00,2020-02-11 21:00:00,2020-02-12 16:00:00,2020-02-18 09:00:00,801,1.0837,1.0828,1.083,2020-02-18 14:00:00
45,528,Bear,1.1096,1.109,1.1095,598,Bull,1.1003,1.0994,1.0996,611,Bear,1.1014,1.0994,1.0996,718,Bull,1.0878,1.0865,1.0866,732,Bear,1.0889,1.0882,1.0883,796,Bull,1.0829,1.0823,1.0828,2020-02-01 05:00:00,2020-02-06 03:00:00,2020-02-06 16:00:00,2020-02-13 03:00:00,2020-02-13 17:00:00,2020-02-18 09:00:00,801,1.0837,1.0828,1.083,2020-02-18 14:00:00
46,528,Bear,1.1096,1.109,1.1095,598,Bull,1.1003,1.0994,1.0996,611,Bear,1.1014,1.0994,1.0996,747,Bull,1.0842,1.0827,1.0838,761,Bear,1.0861,1.0851,1.0857,796,Bull,1.0829,1.0823,1.0828,2020-02-01 05:00:00,2020-02-06 03:00:00,2020-02-06 16:00:00,2020-02-14 08:00:00,2020-02-14 22:00:00,2020-02-18 09:00:00,801,1.0837,1.0828,1.083,2020-02-18 14:00:00
47,528,Bear,1.1096,1.109,1.1095,598,Bull,1.1003,1.0994,1.0996,611,Bear,1.1014,1.0994,1.0996,747,Bull,1.0842,1.0827,1.0838,780,Bear,1.0851,1.0843,1.0844,796,Bull,1.0829,1.0823,1.0828,2020-02-01 05:00:00,2020-02-06 03:00:00,2020-02-06 16:00:00,2020-02-14 08:00:00,2020-02-17 17:00:00,2020-02-18 09:00:00,801,1.0837,1.0828,1.083,2020-02-18 14:00:00
48,528,Bear,1.1096,1.109,1.1095,688,Bull,1.091,1.0891,1.0904,707,Bear,1.0926,1.0912,1.0922,747,Bull,1.0842,1.0827,1.0838,761,Bear,1.0861,1.0851,1.0857,796,Bull,1.0829,1.0823,1.0828,2020-02-01 05:00:00,2020-02-11 21:00:00,2020-02-12 16:00:00,2020-02-14 08:00:00,2020-02-14 22:00:00,2020-02-18 09:00:00,801,1.0837,1.0828,1.083,2020-02-18 14:00:00
49,528,Bear,1.1096,1.109,1.1095,688,Bull,1.091,1.0891,1.0904,707,Bear,1.0926,1.0912,1.0922,747,Bull,1.0842,1.0827,1.0838,780,Bear,1.0851,1.0843,1.0844,796,Bull,1.0829,1.0823,1.0828,2020-02-01 05:00:00,2020-02-11 21:00:00,2020-02-12 16:00:00,2020-02-14 08:00:00,2020-02-17 17:00:00,2020-02-18 09:00:00,801,1.0837,1.0828,1.083,2020-02-18 14:00:00
50,528,Bear,1.1096,1.109,1.1095,718,Bull,1.0878,1.0865,1.0866,732,Bear,1.0889,1.0882,1.0883,747,Bull,1.0842,1.0827,1.0838,761,Bear,1.0861,1.0851,1.0857,796,Bull,1.0829,1.0823,1.0828,2020-02-01 05:00:00,2020-02-13 03:00:00,2020-02-13 17:00:00,2020-02-14 08:00:00,2020-02-14 22:00:00,2020-02-18 09:00:00,801,1.0837,1.0828,1.083,2020-02-18 14:00:00
51,528,Bear,1.1096,1.109,1.1095,718,Bull,1.0878,1.0865,1.0866,732,Bear,1.0889,1.0882,1.0883,747,Bull,1.0842,1.0827,1.0838,780,Bear,1.0851,1.0843,1.0844,796,Bull,1.0829,1.0823,1.0828,2020-02-01 05:00:00,2020-02-13 03:00:00,2020-02-13 17:00:00,2020-02-14 08:00:00,2020-02-17 17:00:00,2020-02-18 09:00:00,801,1.0837,1.0828,1.083,2020-02-18 14:00:00
52,587,Bear,1.1048,1.1037,1.1042,598,Bull,1.1003,1.0994,1.0996,611,Bear,1.1014,1.0994,1.0996,688,Bull,1.091,1.0891,1.0904,707,Bear,1.0926,1.0912,1.0922,796,Bull,1.0829,1.0823,1.0828,2020-02-05 16:00:00,2020-02-06 03:00:00,2020-02-06 16:00:00,2020-02-11 21:00:00,2020-02-12 16:00:00,2020-02-18 09:00:00,801,1.0837,1.0828,1.083,2020-02-18 14:00:00
53,587,Bear,1.1048,1.1037,1.1042,598,Bull,1.1003,1.0994,1.0996,611,Bear,1.1014,1.0994,1.0996,718,Bull,1.0878,1.0865,1.0866,732,Bear,1.0889,1.0882,1.0883,796,Bull,1.0829,1.0823,1.0828,2020-02-05 16:00:00,2020-02-06 03:00:00,2020-02-06 16:00:00,2020-02-13 03:00:00,2020-02-13 17:00:00,2020-02-18 09:00:00,801,1.0837,1.0828,1.083,2020-02-18 14:00:00
54,587,Bear,1.1048,1.1037,1.1042,598,Bull,1.1003,1.0994,1.0996,611,Bear,1.1014,1.0994,1.0996,747,Bull,1.0842,1.0827,1.0838,761,Bear,1.0861,1.0851,1.0857,796,Bull,1.0829,1.0823,1.0828,2020-02-05 16:00:00,2020-02-06 03:00:00,2020-02-06 16:00:00,2020-02-14 08:00:00,2020-02-14 22:00:00,2020-02-18 09:00:00,801,1.0837,1.0828,1.083,2020-02-18 14:00:00
55,587,Bear,1.1048,1.1037,1.1042,598,Bull,1.1003,1.0994,1.0996,611,Bear,1.1014,1.0994,1.0996,747,Bull,1.0842,1.0827,1.0838,780,Bear,1.0851,1.0843,1.0844,796,Bull,1.0829,1.0823,1.0828,2020-02-05 16:00:00,2020-02-06 03:00:00,2020-02-06 16:00:00,2020-02-14 08:00:00,2020-02-17 17:00:00,2020-02-18 09:00:00,801,1.0837,1.0828,1.083,2020-02-18 14:00:00
56,587,Bear,1.1048,1.1037,1.1042,688,Bull,1.091,1.0891,1.0904,707,Bear,1.0926,1.0912,1.0922,747,Bull,1.0842,1.0827,1.0838,761,Bear,1.0861,1.0851,1.0857,796,Bull,1.0829,1.0823,1.0828,2020-02-05 16:00:00,2020-02-11 21:00:00,2020-02-12 16:00:00,2020-02-14 08:00:00,2020-02-14 22:00:00,2020-02-18 09:00:00,801,1.0837,1.0828,1.083,2020-02-18 14:00:00
57,587,Bear,1.1048,1.1037,1.1042,688,Bull,1.091,1.0891,1.0904,707,Bear,1.0926,1.0912,1.0922,747,Bull,1.0842,1.0827,1.0838,780,Bear,1.0851,1.0843,1.0844,796,Bull,1.0829,1.0823,1.0828,2020-02-05 16:00:00,2020-02-11 21:00:00,2020-02-12 16:00:00,2020-02-14 08:00:00,2020-02-17 17:00:00,2020-02-18 09:00:00,801,1.0837,1.0828,1.083,2020-02-18 14:00:00
58,587,Bear,1.1048,1.1037,1.1042,718,Bull,1.0878,1.0865,1.0866,732,Bear,1.0889,1.0882,1.0883,747,Bull,1.0842,1.0827,1.0838,761,Bear,1.0861,1.0851,1.0857,796,Bull,1.0829,1.0823,1.0828,2020-02-05 16:00:00,2020-02-13 03:00:00,2020-02-13 17:00:00,2020-02-14 08:00:00,2020-02-14 22:00:00,2020-02-18 09:00:00,801,1.0837,1.0828,1.083,2020-02-18 14:00:00
59,587,Bear,1.1048,1.1037,1.1042,718,Bull,1.0878,1.0865,1.0866,732,Bear,1.0889,1.0882,1.0883,747,Bull,1.0842,1.0827,1.0838,780,Bear,1.0851,1.0843,1.0844,796,Bull,1.0829,1.0823,1.0828,2020-02-05 16:00:00,2020-02-13 03:00:00,2020-02-13 17:00:00,2020-02-14 08:00:00,2020-02-17 17:00:00,2020-02-18 09:00:00,801,1.0837,1.0828,1.083,2020-02-18 14:00:00
60,611,Bear,1.1014,1.0994,1.0996,688,Bull,1.091,1.0891,1.0904,707,Bear,1.0926,1.0912,1.0922,747,Bull,1.0842,1.0827,1.0838,761,Bear,1.0861,1.0851,1.0857,796,Bull,1.0829,1.0823,1.0828,2020-02-06 16:00:00,2020-02-11 21:00:00,2020-02-12 16:00:00,2020-02-14 08:00:00,2020-02-14 22:00:00,2020-02-18 09:00:00,801,1.0837,1.0828,1.083,2020-02-18 14:00:00
61,611,Bear,1.1014,1.0994,1.0996,688,Bull,1.091,1.0891,1.0904,707,Bear,1.0926,1.0912,1.0922,747,Bull,1.0842,1.0827,1.0838,780,Bear,1.0851,1.0843,1.0844,796,Bull,1.0829,1.0823,1.0828,2020-02-06 16:00:00,2020-02-11 21:00:00,2020-02-12 16:00:00,2020-02-14 08:00:00,2020-02-17 17:00:00,2020-02-18 09:00:00,801,1.0837,1.0828,1.083,2020-02-18 14:00:00
62,611,Bear,1.1014,1.0994,1.0996,718,Bull,1.0878,1.0865,1.0866,732,Bear,1.0889,1.0882,1.0883,747,Bull,1.0842,1.0827,1.0838,761,Bear,1.0861,1.0851,1.0857,796,Bull,1.0829,1.0823,1.0828,2020-02-06 16:00:00,2020-02-13 03:00:00,2020-02-13 17:00:00,2020-02-14 08:00:00,2020-02-14 22:00:00,2020-02-18 09:00:00,801,1.0837,1.0828,1.083,2020-02-18 14:00:00
63,611,Bear,1.1014,1.0994,1.0996,718,Bull,1.0878,1.0865,1.0866,732,Bear,1.0889,1.0882,1.0883,747,Bull,1.0842,1.0827,1.0838,780,Bear,1.0851,1.0843,1.0844,796,Bull,1.0829,1.0823,1.0828,2020-02-06 16:00:00,2020-02-13 03:00:00,2020-02-13 17:00:00,2020-02-14 08:00:00,2020-02-17 17:00:00,2020-02-18 09:00:00,801,1.0837,1.0828,1.083,2020-02-18 14:00:00
64,707,Bear,1.0926,1.0912,1.0922,718,Bull,1.0878,1.0865,1.0866,732,Bear,1.0889,1.0882,1.0883,747,Bull,1.0842,1.0827,1.0838,761,Bear,1.0861,1.0851,1.0857,796,Bull,1.0829,1.0823,1.0828,2020-02-12 16:00:00,2020-02-13 03:00:00,2020-02-13 17:00:00,2020-02-14 08:00:00,2020-02-14 22:00:00,2020-02-18 09:00:00,801,1.0837,1.0828,1.083,2020-02-18 14:00:00
65,707,Bear,1.0926,1.0912,1.0922,718,Bull,1.0878,1.0865,1.0866,732,Bear,1.0889,1.0882,1.0883,747,Bull,1.0842,1.0827,1.0838,780,Bear,1.0851,1.0843,1.0844,796,Bull,1.0829,1.0823,1.0828,2020-02-12 16:00:00,2020-02-13 03:00:00,2020-02-13 17:00:00,2020-02-14 08:00:00,2020-02-17 17:00:00,2020-02-18 09:00:00,801,1.0837,1.0828,1.083,2020-02-18 14:00:00
66,587,Bear,1.1048,1.1037,1.1042,598,Bull,1.1003,1.0994,1.0996,611,Bear,1.1014,1.0994,1.0996,688,Bull,1.091,1.0891,1.0904,707,Bear,1.0926,1.0912,1.0922,834,Bull,1.0795,1.0782,1.0791,2020-02-05 16:00:00,2020-02-06 03:00:00,2020-02-06 16:00:00,2020-02-11 21:00:00,2020-02-12 16:00:00,2020-02-19 23:00:00,838,1.0801,1.0793,1.0796,2020-02-20 03:00:00
67,587,Bear,1.1048,1.1037,1.1042,598,Bull,1.1003,1.0994,1.0996,611,Bear,1.1014,1.0994,1.0996,718,Bull,1.0878,1.0865,1.0866,732,Bear,1.0889,1.0882,1.0883,834,Bull,1.0795,1.0782,1.0791,2020-02-05 16:00:00,2020-02-06 03:00:00,2020-02-06 16:00:00,2020-02-13 03:00:00,2020-02-13 17:00:00,2020-02-19 23:00:00,838,1.0801,1.0793,1.0796,2020-02-20 03:00:00
68,587,Bear,1.1048,1.1037,1.1042,598,Bull,1.1003,1.0994,1.0996,611,Bear,1.1014,1.0994,1.0996,747,Bull,1.0842,1.0827,1.0838,761,Bear,1.0861,1.0851,1.0857,834,Bull,1.0795,1.0782,1.0791,2020-02-05 16:00:00,2020-02-06 03:00:00,2020-02-06 16:00:00,2020-02-14 08:00:00,2020-02-14 22:00:00,2020-02-19 23:00:00,838,1.0801,1.0793,1.0796,2020-02-20 03:00:00
69,587,Bear,1.1048,1.1037,1.1042,598,Bull,1.1003,1.0994,1.0996,611,Bear,1.1014,1.0994,1.0996,747,Bull,1.0842,1.0827,1.0838,780,Bear,1.0851,1.0843,1.0844,834,Bull,1.0795,1.0782,1.0791,2020-02-05 16:00:00,2020-02-06 03:00:00,2020-02-06 16:00:00,2020-02-14 08:00:00,2020-02-17 17:00:00,2020-02-19 23:00:00,838,1.0801,1.0793,1.0796,2020-02-20 03:00:00
70,587,Bear,1.1048,1.1037,1.1042,688,Bull,1.091,1.0891,1.0904,707,Bear,1.0926,1.0912,1.0922,747,Bull,1.0842,1.0827,1.0838,761,Bear,1.0861,1.0851,1.0857,834,Bull,1.0795,1.0782,1.0791,2020-02-05 16:00:00,2020-02-11 21:00:00,2020-02-12 16:00:00,2020-02-14 08:00:00,2020-02-14 22:00:00,2020-02-19 23:00:00,838,1.0801,1.0793,1.0796,2020-02-20 03:00:00
71,587,Bear,1.1048,1.1037,1.1042,688,Bull,1.091,1.0891,1.0904,707,Bear,1.0926,1.0912,1.0922,747,Bull,1.0842,1.0827,1.0838,780,Bear,1.0851,1.0843,1.0844,834,Bull,1.0795,1.0782,1.0791,2020-02-05 16:00:00,2020-02-11 21:00:00,2020-02-12 16:00:00,2020-02-14 08:00:00,2020-02-17 17:00:00,2020-02-19 23:00:00,838,1.0801,1.0793,1.0796,2020-02-20 03:00:00
72,611,Bear,1.1014,1.0994,1.0996,688,Bull,1.091,1.0891,1.0904,707,Bear,1.0926,1.0912,1.0922,747,Bull,1.0842,1.0827,1.0838,761,Bear,1.0861,1.0851,1.0857,834,Bull,1.0795,1.0782,1.0791,2020-02-06 16:00:00,2020-02-11 21:00:00,2020-02-12 16:00:00,2020-02-14 08:00:00,2020-02-14 22:00:00,2020-02-19 23:00:00,838,1.0801,1.0793,1.0796,2020-02-20 03:00:00
73,611,Bear,1.1014,1.0994,1.0996,688,Bull,1.091,1.0891,1.0904,707,Bear,1.0926,1.0912,1.0922,747,Bull,1.0842,1.0827,1.0838,780,Bear,1.0851,1.0843,1.0844,834,Bull,1.0795,1.0782,1.0791,2020-02-06 16:00:00,2020-02-11 21:00:00,2020-02-12 16:00:00,2020-02-14 08:00:00,2020-02-17 17:00:00,2020-02-19 23:00:00,838,1.0801,1.0793,1.0796,2020-02-20 03:00:00
74,707,Bear,1.0926,1.0912,1.0922,718,Bull,1.0878,1.0865,1.0866,732,Bear,1.0889,1.0882,1.0883,747,Bull,1.0842,1.0827,1.0838,761,Bear,1.0861,1.0851,1.0857,834,Bull,1.0795,1.0782,1.0791,2020-02-12 16:00:00,2020-02-13 03:00:00,2020-02-13 17:00:00,2020-02-14 08:00:00,2020-02-14 22:00:00,2020-02-19 23:00:00,838,1.0801,1.0793,1.0796,2020-02-20 03:00:00
75,707,Bear,1.0926,1.0912,1.0922,718,Bull,1.0878,1.0865,1.0866,732,Bear,1.0889,1.0882,1.0883,747,Bull,1.0842,1.0827,1.0838,780,Bear,1.0851,1.0843,1.0844,834,Bull,1.0795,1.0782,1.0791,2020-02-12 16:00:00,2020-02-13 03:00:00,2020-02-13 17:00:00,2020-02-14 08:00:00,2020-02-17 17:00:00,2020-02-19 23:00:00,838,1.0801,1.0793,1.0796,2020-02-20 03:00:00
76,611,Bear,1.1014,1.0994,1.0996,688,Bull,1.091,1.0891,1.0904,707,Bear,1.0926,1.0912,1.0922,747,Bull,1.0842,1.0827,1.0838,761,Bear,1.0861,1.0851,1.0857,850,Bull,1.0793,1.0778,1.0791,2020-02-06 16:00:00,2020-02-11 21:00:00,2020-02-12 16:00:00,2020-02-14 08:00:00,2020-02-14 22:00:00,2020-02-20 15:00:00,852,1.0806,1.0794,1.08,2020-02-20 17:00:00
77,611,Bear,1.1014,1.0994,1.0996,688,Bull,1.091,1.0891,1.0904,707,Bear,1.0926,1.0912,1.0922,747,Bull,1.0842,1.0827,1.0838,780,Bear,1.0851,1.0843,1.0844,850,Bull,1.0793,1.0778,1.0791,2020-02-06 16:00:00,2020-02-11 21:00:00,2020-02-12 16:00:00,2020-02-14 08:00:00,2020-02-17 17:00:00,2020-02-20 15:00:00,852,1.0806,1.0794,1.08,2020-02-20 17:00:00
78,611,Bear,1.1014,1.0994,1.0996,688,Bull,1.091,1.0891,1.0904,707,Bear,1.0926,1.0912,1.0922,834,Bull,1.0795,1.0782,1.0791,843,Bear,1.0815,1.0805,1.0811,850,Bull,1.0793,1.0778,1.0791,2020-02-06 16:00:00,2020-02-11 21:00:00,2020-02-12 16:00:00,2020-02-19 23:00:00,2020-02-20 08:00:00,2020-02-20 15:00:00,852,1.0806,1.0794,1.08,2020-02-20 17:00:00
79,611,Bear,1.1014,1.0994,1.0996,718,Bull,1.0878,1.0865,1.0866,732,Bear,1.0889,1.0882,1.0883,834,Bull,1.0795,1.0782,1.0791,843,Bear,1.0815,1.0805,1.0811,850,Bull,1.0793,1.0778,1.0791,2020-02-06 16:00:00,2020-02-13 03:00:00,2020-02-13 17:00:00,2020-02-19 23:00:00,2020-02-20 08:00:00,2020-02-20 15:00:00,852,1.0806,1.0794,1.08,2020-02-20 17:00:00
80,611,Bear,1.1014,1.0994,1.0996,747,Bull,1.0842,1.0827,1.0838,761,Bear,1.0861,1.0851,1.0857,834,Bull,1.0795,1.0782,1.0791,843,Bear,1.0815,1.0805,1.0811,850,Bull,1.0793,1.0778,1.0791,2020-02-06 16:00:00,2020-02-14 08:00:00,2020-02-14 22:00:00,2020-02-19 23:00:00,2020-02-20 08:00:00,2020-02-20 15:00:00,852,1.0806,1.0794,1.08,2020-02-20 17:00:00
81,611,Bear,1.1014,1.0994,1.0996,747,Bull,1.0842,1.0827,1.0838,780,Bear,1.0851,1.0843,1.0844,834,Bull,1.0795,1.0782,1.0791,843,Bear,1.0815,1.0805,1.0811,850,Bull,1.0793,1.0778,1.0791,2020-02-06 16:00:00,2020-02-14 08:00:00,2020-02-17 17:00:00,2020-02-19 23:00:00,2020-02-20 08:00:00,2020-02-20 15:00:00,852,1.0806,1.0794,1.08,2020-02-20 17:00:00
82,707,Bear,1.0926,1.0912,1.0922,718,Bull,1.0878,1.0865,1.0866,732,Bear,1.0889,1.0882,1.0883,747,Bull,1.0842,1.0827,1.0838,761,Bear,1.0861,1.0851,1.0857,850,Bull,1.0793,1.0778,1.0791,2020-02-12 16:00:00,2020-02-13 03:00:00,2020-02-13 17:00:00,2020-02-14 08:00:00,2020-02-14 22:00:00,2020-02-20 15:00:00,852,1.0806,1.0794,1.08,2020-02-20 17:00:00
83,707,Bear,1.0926,1.0912,1.0922,718,Bull,1.0878,1.0865,1.0866,732,Bear,1.0889,1.0882,1.0883,747,Bull,1.0842,1.0827,1.0838,780,Bear,1.0851,1.0843,1.0844,850,Bull,1.0793,1.0778,1.0791,2020-02-12 16:00:00,2020-02-13 03:00:00,2020-02-13 17:00:00,2020-02-14 08:00:00,2020-02-17 17:00:00,2020-02-20 15:00:00,852,1.0806,1.0794,1.08,2020-02-20 17:00:00
84,707,Bear,1.0926,1.0912,1.0922,718,Bull,1.0878,1.0865,1.0866,732,Bear,1.0889,1.0882,1.0883,834,Bull,1.0795,1.0782,1.0791,843,Bear,1.0815,1.0805,1.0811,850,Bull,1.0793,1.0778,1.0791,2020-02-12 16:00:00,2020-02-13 03:00:00,2020-02-13 17:00:00,2020-02-19 23:00:00,2020-02-20 08:00:00,2020-02-20 15:00:00,852,1.0806,1.0794,1.08,2020-02-20 17:00:00
85,707,Bear,1.0926,1.0912,1.0922,747,Bull,1.0842,1.0827,1.0838,761,Bear,1.0861,1.0851,1.0857,834,Bull,1.0795,1.0782,1.0791,843,Bear,1.0815,1.0805,1.0811,850,Bull,1.0793,1.0778,1.0791,2020-02-12 16:00:00,2020-02-14 08:00:00,2020-02-14 22:00:00,2020-02-19 23:00:00,2020-02-20 08:00:00,2020-02-20 15:00:00,852,1.0806,1.0794,1.08,2020-02-20 17:00:00
86,707,Bear,1.0926,1.0912,1.0922,747,Bull,1.0842,1.0827,1.0838,780,Bear,1.0851,1.0843,1.0844,834,Bull,1.0795,1.0782,1.0791,843,Bear,1.0815,1.0805,1.0811,850,Bull,1.0793,1.0778,1.0791,2020-02-12 16:00:00,2020-02-14 08:00:00,2020-02-17 17:00:00,2020-02-19 23:00:00,2020-02-20 08:00:00,2020-02-20 15:00:00,852,1.0806,1.0794,1.08,2020-02-20 17:00:00
87,732,Bear,1.0889,1.0882,1.0883,747,Bull,1.0842,1.0827,1.0838,761,Bear,1.0861,1.0851,1.0857,834,Bull,1.0795,1.0782,1.0791,843,Bear,1.0815,1.0805,1.0811,850,Bull,1.0793,1.0778,1.0791,2020-02-13 17:00:00,2020-02-14 08:00:00,2020-02-14 22:00:00,2020-02-19 23:00:00,2020-02-20 08:00:00,2020-02-20 15:00:00,852,1.0806,1.0794,1.08,2020-02-20 17:00:00
88,732,Bear,1.0889,1.0882,1.0883,747,Bull,1.0842,1.0827,1.0838,780,Bear,1.0851,1.0843,1.0844,834,Bull,1.0795,1.0782,1.0791,843,Bear,1.0815,1.0805,1.0811,850,Bull,1.0793,1.0778,1.0791,2020-02-13 17:00:00,2020-02-14 08:00:00,2020-02-17 17:00:00,2020-02-19 23:00:00,2020-02-20 08:00:00,2020-02-20 15:00:00,852,1.0806,1.0794,1.08,2020-02-20 17:00:00
89,761,Bear,1.0861,1.0851,1.0857,768,Bull,1.0839,1.0829,1.0832,780,Bear,1.0851,1.0843,1.0844,834,Bull,1.0795,1.0782,1.0791,843,Bear,1.0815,1.0805,1.0811,850,Bull,1.0793,1.0778,1.0791,2020-02-14 22:00:00,2020-02-15 05:00:00,2020-02-17 17:00:00,2020-02-19 23:00:00,2020-02-20 08:00:00,2020-02-20 15:00:00,852,1.0806,1.0794,1.08,2020-02-20 17:00:00
90,834,Bull,1.0795,1.0782,1.0791,843,Bear,1.0815,1.0805,1.0811,850,Bull,1.0793,1.0778,1.0791,882,Bear,1.0864,1.0837,1.0853,898,Bull,1.082,1.0805,1.0817,908,Bear,1.0872,1.0853,1.0871,2020-02-19 23:00:00,2020-02-20 08:00:00,2020-02-20 15:00:00,2020-02-21 23:00:00,2020-02-24 15:00:00,2020-02-25 01:00:00,925,1.0851,1.0835,1.0838,2020-02-25 18:00:00
91,834,Bull,1.0795,1.0782,1.0791,843,Bear,1.0815,1.0805,1.0811,850,Bull,1.0793,1.0778,1.0791,908,Bear,1.0872,1.0853,1.0871,926,Bull,1.0841,1.083,1.0837,934,Bear,1.089,1.0873,1.0882,2020-02-19 23:00:00,2020-02-20 08:00:00,2020-02-20 15:00:00,2020-02-25 01:00:00,2020-02-25 19:00:00,2020-02-26 03:00:00,941,1.0874,1.0863,1.0868,2020-02-26 10:00:00
92,834,Bull,1.0795,1.0782,1.0791,843,Bear,1.0815,1.0805,1.0811,850,Bull,1.0793,1.0778,1.0791,908,Bear,1.0872,1.0853,1.0871,926,Bull,1.0841,1.083,1.0837,951,Bear,1.0909,1.0869,1.0869,2020-02-19 23:00:00,2020-02-20 08:00:00,2020-02-20 15:00:00,2020-02-25 01:00:00,2020-02-25 19:00:00,2020-02-26 20:00:00,953,1.0875,1.0855,1.086,2020-02-26 22:00:00
93,834,Bull,1.0795,1.0782,1.0791,843,Bear,1.0815,1.0805,1.0811,850,Bull,1.0793,1.0778,1.0791,996,Bear,1.1053,1.1029,1.1045,1001,Bull,1.0988,1.0951,1.0966,1028,Bear,1.1185,1.1161,1.118,2020-02-19 23:00:00,2020-02-20 08:00:00,2020-02-20 15:00:00,2020-02-28 17:00:00,2020-02-28 22:00:00,2020-03-03 01:00:00,1031,1.1164,1.1127,1.1136,2020-03-03 04:00:00
94,850,Bull,1.0793,1.0778,1.0791,882,Bear,1.0864,1.0837,1.0853,898,Bull,1.082,1.0805,1.0817,996,Bear,1.1053,1.1029,1.1045,1001,Bull,1.0988,1.0951,1.0966,1028,Bear,1.1185,1.1161,1.118,2020-02-20 15:00:00,2020-02-21 23:00:00,2020-02-24 15:00:00,2020-02-28 17:00:00,2020-02-28 22:00:00,2020-03-03 01:00:00,1031,1.1164,1.1127,1.1136,2020-03-03 04:00:00
95,850,Bull,1.0793,1.0778,1.0791,908,Bear,1.0872,1.0853,1.0871,926,Bull,1.0841,1.083,1.0837,996,Bear,1.1053,1.1029,1.1045,1001,Bull,1.0988,1.0951,1.0966,1028,Bear,1.1185,1.1161,1.118,2020-02-20 15:00:00,2020-02-25 01:00:00,2020-02-25 19:00:00,2020-02-28 17:00:00,2020-02-28 22:00:00,2020-03-03 01:00:00,1031,1.1164,1.1127,1.1136,2020-03-03 04:00:00
96,850,Bull,1.0793,1.0778,1.0791,951,Bear,1.0909,1.0869,1.0869,953,Bull,1.0875,1.0855,1.086,996,Bear,1.1053,1.1029,1.1045,1001,Bull,1.0988,1.0951,1.0966,1028,Bear,1.1185,1.1161,1.118,2020-02-20 15:00:00,2020-02-26 20:00:00,2020-02-26 22:00:00,2020-02-28 17:00:00,2020-02-28 22:00:00,2020-03-03 01:00:00,1031,1.1164,1.1127,1.1136,2020-03-03 04:00:00
97,898,Bull,1.082,1.0805,1.0817,908,Bear,1.0872,1.0853,1.0871,926,Bull,1.0841,1.083,1.0837,996,Bear,1.1053,1.1029,1.1045,1001,Bull,1.0988,1.0951,1.0966,1028,Bear,1.1185,1.1161,1.118,2020-02-24 15:00:00,2020-02-25 01:00:00,2020-02-25 19:00:00,2020-02-28 17:00:00,2020-02-28 22:00:00,2020-03-03 01:00:00,1031,1.1164,1.1127,1.1136,2020-03-03 04:00:00
98,898,Bull,1.082,1.0805,1.0817,951,Bear,1.0909,1.0869,1.0869,953,Bull,1.0875,1.0855,1.086,996,Bear,1.1053,1.1029,1.1045,1001,Bull,1.0988,1.0951,1.0966,1028,Bear,1.1185,1.1161,1.118,2020-02-24 15:00:00,2020-02-26 20:00:00,2020-02-26 22:00:00,2020-02-28 17:00:00,2020-02-28 22:00:00,2020-03-03 01:00:00,1031,1.1164,1.1127,1.1136,2020-03-03 04:00:00
99,834,Bull,1.0795,1.0782,1.0791,843,Bear,1.0815,1.0805,1.0811,850,Bull,1.0793,1.0778,1.0791,1028,Bear,1.1185,1.1161,1.118,1048,Bull,1.1125,1.1095,1.1119,1104,Bear,1.1245,1.1225,1.1239,2020-02-19 23:00:00,2020-02-20 08:00:00,2020-02-20 15:00:00,2020-03-03 01:00:00,2020-03-03 21:00:00,2020-03-06 05:00:00,1107,1.1228,1.1211,1.122,2020-03-06 08:00:00
100,850,Bull,1.0793,1.0778,1.0791,882,Bear,1.0864,1.0837,1.0853,898,Bull,1.082,1.0805,1.0817,1028,Bear,1.1185,1.1161,1.118,1048,Bull,1.1125,1.1095,1.1119,1104,Bear,1.1245,1.1225,1.1239,2020-02-20 15:00:00,2020-02-21 23:00:00,2020-02-24 15:00:00,2020-03-03 01:00:00,2020-03-03 21:00:00,2020-03-06 05:00:00,1107,1.1228,1.1211,1.122,2020-03-06 08:00:00
101,850,Bull,1.0793,1.0778,1.0791,908,Bear,1.0872,1.0853,1.0871,926,Bull,1.0841,1.083,1.0837,1028,Bear,1.1185,1.1161,1.118,1048,Bull,1.1125,1.1095,1.1119,1104,Bear,1.1245,1.1225,1.1239,2020-02-20 15:00:00,2020-02-25 01:00:00,2020-02-25 19:00:00,2020-03-03 01:00:00,2020-03-03 21:00:00,2020-03-06 05:00:00,1107,1.1228,1.1211,1.122,2020-03-06 08:00:00
102,850,Bull,1.0793,1.0778,1.0791,951,Bear,1.0909,1.0869,1.0869,953,Bull,1.0875,1.0855,1.086,1028,Bear,1.1185,1.1161,1.118,1048,Bull,1.1125,1.1095,1.1119,1104,Bear,1.1245,1.1225,1.1239,2020-02-20 15:00:00,2020-02-26 20:00:00,2020-02-26 22:00:00,2020-03-03 01:00:00,2020-03-03 21:00:00,2020-03-06 05:00:00,1107,1.1228,1.1211,1.122,2020-03-06 08:00:00
103,850,Bull,1.0793,1.0778,1.0791,996,Bear,1.1053,1.1029,1.1045,1001,Bull,1.0988,1.0951,1.0966,1028,Bear,1.1185,1.1161,1.118,1048,Bull,1.1125,1.1095,1.1119,1104,Bear,1.1245,1.1225,1.1239,2020-02-20 15:00:00,2020-02-28 17:00:00,2020-02-28 22:00:00,2020-03-03 01:00:00,2020-03-03 21:00:00,2020-03-06 05:00:00,1107,1.1228,1.1211,1.122,2020-03-06 08:00:00
104,898,Bull,1.082,1.0805,1.0817,908,Bear,1.0872,1.0853,1.0871,926,Bull,1.0841,1.083,1.0837,1028,Bear,1.1185,1.1161,1.118,1048,Bull,1.1125,1.1095,1.1119,1104,Bear,1.1245,1.1225,1.1239,2020-02-24 15:00:00,2020-02-25 01:00:00,2020-02-25 19:00:00,2020-03-03 01:00:00,2020-03-03 21:00:00,2020-03-06 05:00:00,1107,1.1228,1.1211,1.122,2020-03-06 08:00:00
105,898,Bull,1.082,1.0805,1.0817,951,Bear,1.0909,1.0869,1.0869,953,Bull,1.0875,1.0855,1.086,1028,Bear,1.1185,1.1161,1.118,1048,Bull,1.1125,1.1095,1.1119,1104,Bear,1.1245,1.1225,1.1239,2020-02-24 15:00:00,2020-02-26 20:00:00,2020-02-26 22:00:00,2020-03-03 01:00:00,2020-03-03 21:00:00,2020-03-06 05:00:00,1107,1.1228,1.1211,1.122,2020-03-06 08:00:00
106,898,Bull,1.082,1.0805,1.0817,996,Bear,1.1053,1.1029,1.1045,1001,Bull,1.0988,1.0951,1.0966,1028,Bear,1.1185,1.1161,1.118,1048,Bull,1.1125,1.1095,1.1119,1104,Bear,1.1245,1.1225,1.1239,2020-02-24 15:00:00,2020-02-28 17:00:00,2020-02-28 22:00:00,2020-03-03 01:00:00,2020-03-03 21:00:00,2020-03-06 05:00:00,1107,1.1228,1.1211,1.122,2020-03-06 08:00:00
107,926,Bull,1.0841,1.083,1.0837,951,Bear,1.0909,1.0869,1.0869,953,Bull,1.0875,1.0855,1.086,1028,Bear,1.1185,1.1161,1.118,1048,Bull,1.1125,1.1095,1.1119,1104,Bear,1.1245,1.1225,1.1239,2020-02-25 19:00:00,2020-02-26 20:00:00,2020-02-26 22:00:00,2020-03-03 01:00:00,2020-03-03 21:00:00,2020-03-06 05:00:00,1107,1.1228,1.1211,1.122,2020-03-06 08:00:00
108,926,Bull,1.0841,1.083,1.0837,996,Bear,1.1053,1.1029,1.1045,1001,Bull,1.0988,1.0951,1.0966,1028,Bear,1.1185,1.1161,1.118,1048,Bull,1.1125,1.1095,1.1119,1104,Bear,1.1245,1.1225,1.1239,2020-02-25 19:00:00,2020-02-28 17:00:00,2020-02-28 22:00:00,2020-03-03 01:00:00,2020-03-03 21:00:00,2020-03-06 05:00:00,1107,1.1228,1.1211,1.122,2020-03-06 08:00:00
109,953,Bull,1.0875,1.0855,1.086,996,Bear,1.1053,1.1029,1.1045,1001,Bull,1.0988,1.0951,1.0966,1028,Bear,1.1185,1.1161,1.118,1048,Bull,1.1125,1.1095,1.1119,1104,Bear,1.1245,1.1225,1.1239,2020-02-26 22:00:00,2020-02-28 17:00:00,2020-02-28 22:00:00,2020-03-03 01:00:00,2020-03-03 21:00:00,2020-03-06 05:00:00,1107,1.1228,1.1211,1.122,2020-03-06 08:00:00
110,834,Bull,1.0795,1.0782,1.0791,843,Bear,1.0815,1.0805,1.0811,850,Bull,1.0793,1.0778,1.0791,1028,Bear,1.1185,1.1161,1.118,1048,Bull,1.1125,1.1095,1.1119,1109,Bear,1.1249,1.123,1.1232,2020-02-19 23:00:00,2020-02-20 08:00:00,2020-02-20 15:00:00,2020-03-03 01:00:00,2020-03-03 21:00:00,2020-03-06 10:00:00,1113,1.1237,1.1219,1.1228,2020-03-06 14:00:00
111,850,Bull,1.0793,1.0778,1.0791,882,Bear,1.0864,1.0837,1.0853,898,Bull,1.082,1.0805,1.0817,1028,Bear,1.1185,1.1161,1.118,1048,Bull,1.1125,1.1095,1.1119,1109,Bear,1.1249,1.123,1.1232,2020-02-20 15:00:00,2020-02-21 23:00:00,2020-02-24 15:00:00,2020-03-03 01:00:00,2020-03-03 21:00:00,2020-03-06 10:00:00,1113,1.1237,1.1219,1.1228,2020-03-06 14:00:00
112,850,Bull,1.0793,1.0778,1.0791,908,Bear,1.0872,1.0853,1.0871,926,Bull,1.0841,1.083,1.0837,1028,Bear,1.1185,1.1161,1.118,1048,Bull,1.1125,1.1095,1.1119,1109,Bear,1.1249,1.123,1.1232,2020-02-20 15:00:00,2020-02-25 01:00:00,2020-02-25 19:00:00,2020-03-03 01:00:00,2020-03-03 21:00:00,2020-03-06 10:00:00,1113,1.1237,1.1219,1.1228,2020-03-06 14:00:00
113,850,Bull,1.0793,1.0778,1.0791,951,Bear,1.0909,1.0869,1.0869,953,Bull,1.0875,1.0855,1.086,1028,Bear,1.1185,1.1161,1.118,1048,Bull,1.1125,1.1095,1.1119,1109,Bear,1.1249,1.123,1.1232,2020-02-20 15:00:00,2020-02-26 20:00:00,2020-02-26 22:00:00,2020-03-03 01:00:00,2020-03-03 21:00:00,2020-03-06 10:00:00,1113,1.1237,1.1219,1.1228,2020-03-06 14:00:00
114,850,Bull,1.0793,1.0778,1.0791,996,Bear,1.1053,1.1029,1.1045,1001,Bull,1.0988,1.0951,1.0966,1028,Bear,1.1185,1.1161,1.118,1048,Bull,1.1125,1.1095,1.1119,1109,Bear,1.1249,1.123,1.1232,2020-02-20 15:00:00,2020-02-28 17:00:00,2020-02-28 22:00:00,2020-03-03 01:00:00,2020-03-03 21:00:00,2020-03-06 10:00:00,1113,1.1237,1.1219,1.1228,2020-03-06 14:00:00
115,898,Bull,1.082,1.0805,1.0817,908,Bear,1.0872,1.0853,1.0871,926,Bull,1.0841,1.083,1.0837,1028,Bear,1.1185,1.1161,1.118,1048,Bull,1.1125,1.1095,1.1119,1109,Bear,1.1249,1.123,1.1232,2020-02-24 15:00:00,2020-02-25 01:00:00,2020-02-25 19:00:00,2020-03-03 01:00:00,2020-03-03 21:00:00,2020-03-06 10:00:00,1113,1.1237,1.1219,1.1228,2020-03-06 14:00:00
116,898,Bull,1.082,1.0805,1.0817,951,Bear,1.0909,1.0869,1.0869,953,Bull,1.0875,1.0855,1.086,1028,Bear,1.1185,1.1161,1.118,1048,Bull,1.1125,1.1095,1.1119,1109,Bear,1.1249,1.123,1.1232,2020-02-24 15:00:00,2020-02-26 20:00:00,2020-02-26 22:00:00,2020-03-03 01:00:00,2020-03-03 21:00:00,2020-03-06 10:00:00,1113,1.1237,1.1219,1.1228,2020-03-06 14:00:00
117,898,Bull,1.082,1.0805,1.0817,996,Bear,1.1053,1.1029,1.1045,1001,Bull,1.0988,1.0951,1.0966,1028,Bear,1.1185,1.1161,1.118,1048,Bull,1.1125,1.1095,1.1119,1109,Bear,1.1249,1.123,1.1232,2020-02-24 15:00:00,2020-02-28 17:00:00,2020-02-28 22:00:00,2020-03-03 01:00:00,2020-03-03 21:00:00,2020-03-06 10:00:00,1113,1.1237,1.1219,1.1228,2020-03-06 14:00:00
118,926,Bull,1.0841,1.083,1.0837,951,Bear,1.0909,1.0869,1.0869,953,Bull,1.0875,1.0855,1.086,1028,Bear,1.1185,1.1161,1.118,1048,Bull,1.1125,1.1095,1.1119,1109,Bear,1.1249,1.123,1.1232,2020-02-25 19:00:00,2020-02-26 20:00:00,2020-02-26 22:00:00,2020-03-03 01:00:00,2020-03-03 21:00:00,2020-03-06 10:00:00,1113,1.1237,1.1219,1.1228,2020-03-06 14:00:00
119,926,Bull,1.0841,1.083,1.0837,996,Bear,1.1053,1.1029,1.1045,1001,Bull,1.0988,1.0951,1.0966,1028,Bear,1.1185,1.1161,1.118,1048,Bull,1.1125,1.1095,1.1119,1109,Bear,1.1249,1.123,1.1232,2020-02-25 19:00:00,2020-02-28 17:00:00,2020-02-28 22:00:00,2020-03-03 01:00:00,2020-03-03 21:00:00,2020-03-06 10:00:00,1113,1.1237,1.1219,1.1228,2020-03-06 14:00:00
120,953,Bull,1.0875,1.0855,1.086,996,Bear,1.1053,1.1029,1.1045,1001,Bull,1.0988,1.0951,1.0966,1028,Bear,1.1185,1.1161,1.118,1048,Bull,1.1125,1.1095,1.1119,1109,Bear,1.1249,1.123,1.1232,2020-02-26 22:00:00,2020-02-28 17:00:00,2020-02-28 22:00:00,2020-03-03 01:00:00,2020-03-03 21:00:00,2020-03-06 10:00:00,1113,1.1237,1.1219,1.1228,2020-03-06 14:00:00
121,834,Bull,1.0795,1.0782,1.0791,843,Bear,1.0815,1.0805,1.0811,850,Bull,1.0793,1.0778,1.0791,1028,Bear,1.1185,1.1161,1.118,1048,Bull,1.1125,1.1095,1.1119,1121,Bear,1.1355,1.1318,1.1349,2020-02-19 23:00:00,2020-02-20 08:00:00,2020-02-20 15:00:00,2020-03-03 01:00:00,2020-03-03 21:00:00,2020-03-06 22:00:00,1128,1.1311,1.1284,1.1284,2020-03-07 05:00:00
122,850,Bull,1.0793,1.0778,1.0791,882,Bear,1.0864,1.0837,1.0853,898,Bull,1.082,1.0805,1.0817,1028,Bear,1.1185,1.1161,1.118,1048,Bull,1.1125,1.1095,1.1119,1121,Bear,1.1355,1.1318,1.1349,2020-02-20 15:00:00,2020-02-21 23:00:00,2020-02-24 15:00:00,2020-03-03 01:00:00,2020-03-03 21:00:00,2020-03-06 22:00:00,1128,1.1311,1.1284,1.1284,2020-03-07 05:00:00
123,850,Bull,1.0793,1.0778,1.0791,908,Bear,1.0872,1.0853,1.0871,926,Bull,1.0841,1.083,1.0837,1028,Bear,1.1185,1.1161,1.118,1048,Bull,1.1125,1.1095,1.1119,1121,Bear,1.1355,1.1318,1.1349,2020-02-20 15:00:00,2020-02-25 01:00:00,2020-02-25 19:00:00,2020-03-03 01:00:00,2020-03-03 21:00:00,2020-03-06 22:00:00,1128,1.1311,1.1284,1.1284,2020-03-07 05:00:00
124,850,Bull,1.0793,1.0778,1.0791,951,Bear,1.0909,1.0869,1.0869,953,Bull,1.0875,1.0855,1.086,1028,Bear,1.1185,1.1161,1.118,1048,Bull,1.1125,1.1095,1.1119,1121,Bear,1.1355,1.1318,1.1349,2020-02-20 15:00:00,2020-02-26 20:00:00,2020-02-26 22:00:00,2020-03-03 01:00:00,2020-03-03 21:00:00,2020-03-06 22:00:00,1128,1.1311,1.1284,1.1284,2020-03-07 05:00:00
125,898,Bull,1.082,1.0805,1.0817,908,Bear,1.0872,1.0853,1.0871,926,Bull,1.0841,1.083,1.0837,1028,Bear,1.1185,1.1161,1.118,1048,Bull,1.1125,1.1095,1.1119,1121,Bear,1.1355,1.1318,1.1349,2020-02-24 15:00:00,2020-02-25 01:00:00,2020-02-25 19:00:00,2020-03-03 01:00:00,2020-03-03 21:00:00,2020-03-06 22:00:00,1128,1.1311,1.1284,1.1284,2020-03-07 05:00:00
126,898,Bull,1.082,1.0805,1.0817,951,Bear,1.0909,1.0869,1.0869,953,Bull,1.0875,1.0855,1.086,1028,Bear,1.1185,1.1161,1.118,1048,Bull,1.1125,1.1095,1.1119,1121,Bear,1.1355,1.1318,1.1349,2020-02-24 15:00:00,2020-02-26 20:00:00,2020-02-26 22:00:00,2020-03-03 01:00:00,2020-03-03 21:00:00,2020-03-06 22:00:00,1128,1.1311,1.1284,1.1284,2020-03-07 05:00:00
127,926,Bull,1.0841,1.083,1.0837,951,Bear,1.0909,1.0869,1.0869,953,Bull,1.0875,1.0855,1.086,1028,Bear,1.1185,1.1161,1.118,1048,Bull,1.1125,1.1095,1.1119,1121,Bear,1.1355,1.1318,1.1349,2020-02-25 19:00:00,2020-02-26 20:00:00,2020-02-26 22:00:00,2020-03-03 01:00:00,2020-03-03 21:00:00,2020-03-06 22:00:00,1128,1.1311,1.1284,1.1284,2020-03-07 05:00:00
128,926,Bull,1.0841,1.083,1.0837,996,Bear,1.1053,1.1029,1.1045,1001,Bull,1.0988,1.0951,1.0966,1028,Bear,1.1185,1.1161,1.118,1048,Bull,1.1125,1.1095,1.1119,1121,Bear,1.1355,1.1318,1.1349,2020-02-25 19:00:00,2020-02-28 17:00:00,2020-02-28 22:00:00,2020-03-03 01:00:00,2020-03-03 21:00:00,2020-03-06 22:00:00,1128,1.1311,1.1284,1.1284,2020-03-07 05:00:00
129,953,Bull,1.0875,1.0855,1.086,996,Bear,1.1053,1.1029,1.1045,1001,Bull,1.0988,1.0951,1.0966,1028,Bear,1.1185,1.1161,1.118,1048,Bull,1.1125,1.1095,1.1119,1121,Bear,1.1355,1.1318,1.1349,2020-02-26 22:00:00,2020-02-28 17:00:00,2020-02-28 22:00:00,2020-03-03 01:00:00,2020-03-03 21:00:00,2020-03-06 22:00:00,1128,1.1311,1.1284,1.1284,2020-03-07 05:00:00
130,1187,Bear,1.1367,1.1327,1.1329,1220,Bull,1.1164,1.1055,1.1146,1261,Bear,1.1237,1.119,1.1193,1290,Bull,1.1015,1.0955,1.0971,1305,Bear,1.1045,1.1031,1.1039,1317,Bull,1.0853,1.0802,1.0848,2020-03-11 15:00:00,2020-03-13 00:00:00,2020-03-16 17:00:00,2020-03-17 22:00:00,2020-03-18 13:00:00,2020-03-19 01:00:00,1319,1.09,1.0853,1.0899,2020-03-19 03:00:00
131,1187,Bear,1.1367,1.1327,1.1329,1244,Bull,1.1088,1.1055,1.1081,1261,Bear,1.1237,1.119,1.1193,1290,Bull,1.1015,1.0955,1.0971,1305,Bear,1.1045,1.1031,1.1039,1317,Bull,1.0853,1.0802,1.0848,2020-03-11 15:00:00,2020-03-14 00:00:00,2020-03-16 17:00:00,2020-03-17 22:00:00,2020-03-18 13:00:00,2020-03-19 01:00:00,1319,1.09,1.0853,1.0899,2020-03-19 03:00:00
132,1187,Bear,1.1367,1.1327,1.1329,1220,Bull,1.1164,1.1055,1.1146,1261,Bear,1.1237,1.119,1.1193,1348,Bull,1.0674,1.0653,1.0664,1355,Bear,1.0831,1.0743,1.0814,1366,Bull,1.0668,1.0638,1.0655,2020-03-11 15:00:00,2020-03-13 00:00:00,2020-03-16 17:00:00,2020-03-20 08:00:00,2020-03-20 15:00:00,2020-03-21 02:00:00,1368,1.0704,1.0663,1.0697,2020-03-21 04:00:00
133,1187,Bear,1.1367,1.1327,1.1329,1220,Bull,1.1164,1.1055,1.1146,1278,Bear,1.1189,1.1166,1.1174,1348,Bull,1.0674,1.0653,1.0664,1355,Bear,1.0831,1.0743,1.0814,1366,Bull,1.0668,1.0638,1.0655,2020-03-11 15:00:00,2020-03-13 00:00:00,2020-03-17 10:00:00,2020-03-20 08:00:00,2020-03-20 15:00:00,2020-03-21 02:00:00,1368,1.0704,1.0663,1.0697,2020-03-21 04:00:00
134,1187,Bear,1.1367,1.1327,1.1329,1244,Bull,1.1088,1.1055,1.1081,1261,Bear,1.1237,1.119,1.1193,1348,Bull,1.0674,1.0653,1.0664,1355,Bear,1.0831,1.0743,1.0814,1366,Bull,1.0668,1.0638,1.0655,2020-03-11 15:00:00,2020-03-14 00:00:00,2020-03-16 17:00:00,2020-03-20 08:00:00,2020-03-20 15:00:00,2020-03-21 02:00:00,1368,1.0704,1.0663,1.0697,2020-03-21 04:00:00
135,1187,Bear,1.1367,1.1327,1.1329,1244,Bull,1.1088,1.1055,1.1081,1278,Bear,1.1189,1.1166,1.1174,1348,Bull,1.0674,1.0653,1.0664,1355,Bear,1.0831,1.0743,1.0814,1366,Bull,1.0668,1.0638,1.0655,2020-03-11 15:00:00,2020-03-14 00:00:00,2020-03-17 10:00:00,2020-03-20 08:00:00,2020-03-20 15:00:00,2020-03-21 02:00:00,1368,1.0704,1.0663,1.0697,2020-03-21 04:00:00
136,1187,Bear,1.1367,1.1327,1.1329,1290,Bull,1.1015,1.0955,1.0971,1305,Bear,1.1045,1.1031,1.1039,1348,Bull,1.0674,1.0653,1.0664,1355,Bear,1.0831,1.0743,1.0814,1366,Bull,1.0668,1.0638,1.0655,2020-03-11 15:00:00,2020-03-17 22:00:00,2020-03-18 13:00:00,2020-03-20 08:00:00,2020-03-20 15:00:00,2020-03-21 02:00:00,1368,1.0704,1.0663,1.0697,2020-03-21 04:00:00
137,1261,Bear,1.1237,1.119,1.1193,1290,Bull,1.1015,1.0955,1.0971,1305,Bear,1.1045,1.1031,1.1039,1348,Bull,1.0674,1.0653,1.0664,1355,Bear,1.0831,1.0743,1.0814,1366,Bull,1.0668,1.0638,1.0655,2020-03-16 17:00:00,2020-03-17 22:00:00,2020-03-18 13:00:00,2020-03-20 08:00:00,2020-03-20 15:00:00,2020-03-21 02:00:00,1368,1.0704,1.0663,1.0697,2020-03-21 04:00:00
138,1278,Bear,1.1189,1.1166,1.1174,1290,Bull,1.1015,1.0955,1.0971,1305,Bear,1.1045,1.1031,1.1039,1348,Bull,1.0674,1.0653,1.0664,1355,Bear,1.0831,1.0743,1.0814,1366,Bull,1.0668,1.0638,1.0655,2020-03-17 10:00:00,2020-03-17 22:00:00,2020-03-18 13:00:00,2020-03-20 08:00:00,2020-03-20 15:00:00,2020-03-21 02:00:00,1368,1.0704,1.0663,1.0697,2020-03-21 04:00:00
139,1187,Bear,1.1367,1.1327,1.1329,1220,Bull,1.1164,1.1055,1.1146,1261,Bear,1.1237,1.119,1.1193,1348,Bull,1.0674,1.0653,1.0664,1355,Bear,1.0831,1.0743,1.0814,1370,Bull,1.0705,1.0636,1.0659,2020-03-11 15:00:00,2020-03-13 00:00:00,2020-03-16 17:00:00,2020-03-20 08:00:00,2020-03-20 15:00:00,2020-03-23 06:00:00,1373,1.0721,1.0669,1.0718,2020-03-23 09:00:00
140,1187,Bear,1.1367,1.1327,1.1329,1220,Bull,1.1164,1.1055,1.1146,1278,Bear,1.1189,1.1166,1.1174,1348,Bull,1.0674,1.0653,1.0664,1355,Bear,1.0831,1.0743,1.0814,1370,Bull,1.0705,1.0636,1.0659,2020-03-11 15:00:00,2020-03-13 00:00:00,2020-03-17 10:00:00,2020-03-20 08:00:00,2020-03-20 15:00:00,2020-03-23 06:00:00,1373,1.0721,1.0669,1.0718,2020-03-23 09:00:00
141,1187,Bear,1.1367,1.1327,1.1329,1244,Bull,1.1088,1.1055,1.1081,1261,Bear,1.1237,1.119,1.1193,1348,Bull,1.0674,1.0653,1.0664,1355,Bear,1.0831,1.0743,1.0814,1370,Bull,1.0705,1.0636,1.0659,2020-03-11 15:00:00,2020-03-14 00:00:00,2020-03-16 17:00:00,2020-03-20 08:00:00,2020-03-20 15:00:00,2020-03-23 06:00:00,1373,1.0721,1.0669,1.0718,2020-03-23 09:00:00
142,1187,Bear,1.1367,1.1327,1.1329,1244,Bull,1.1088,1.1055,1.1081,1278,Bear,1.1189,1.1166,1.1174,1348,Bull,1.0674,1.0653,1.0664,1355,Bear,1.0831,1.0743,1.0814,1370,Bull,1.0705,1.0636,1.0659,2020-03-11 15:00:00,2020-03-14 00:00:00,2020-03-17 10:00:00,2020-03-20 08:00:00,2020-03-20 15:00:00,2020-03-23 06:00:00,1373,1.0721,1.0669,1.0718,2020-03-23 09:00:00
143,1187,Bear,1.1367,1.1327,1.1329,1290,Bull,1.1015,1.0955,1.0971,1305,Bear,1.1045,1.1031,1.1039,1348,Bull,1.0674,1.0653,1.0664,1355,Bear,1.0831,1.0743,1.0814,1370,Bull,1.0705,1.0636,1.0659,2020-03-11 15:00:00,2020-03-17 22:00:00,2020-03-18 13:00:00,2020-03-20 08:00:00,2020-03-20 15:00:00,2020-03-23 06:00:00,1373,1.0721,1.0669,1.0718,2020-03-23 09:00:00
144,1261,Bear,1.1237,1.119,1.1193,1290,Bull,1.1015,1.0955,1.0971,1305,Bear,1.1045,1.1031,1.1039,1348,Bull,1.0674,1.0653,1.0664,1355,Bear,1.0831,1.0743,1.0814,1370,Bull,1.0705,1.0636,1.0659,2020-03-16 17:00:00,2020-03-17 22:00:00,2020-03-18 13:00:00,2020-03-20 08:00:00,2020-03-20 15:00:00,2020-03-23 06:00:00,1373,1.0721,1.0669,1.0718,2020-03-23 09:00:00
145,1278,Bear,1.1189,1.1166,1.1174,1290,Bull,1.1015,1.0955,1.0971,1305,Bear,1.1045,1.1031,1.1039,1348,Bull,1.0674,1.0653,1.0664,1355,Bear,1.0831,1.0743,1.0814,1370,Bull,1.0705,1.0636,1.0659,2020-03-17 10:00:00,2020-03-17 22:00:00,2020-03-18 13:00:00,2020-03-20 08:00:00,2020-03-20 15:00:00,2020-03-23 06:00:00,1373,1.0721,1.0669,1.0718,2020-03-23 09:00:00
146,1348,Bull,1.0674,1.0653,1.0664,1355,Bear,1.0831,1.0743,1.0814,1370,Bull,1.0705,1.0636,1.0659,1471,Bear,1.1087,1.1059,1.1079,1481,Bull,1.0988,1.0953,1.0982,1488,Bear,1.1148,1.112,1.1142,2020-03-20 08:00:00,2020-03-20 15:00:00,2020-03-23 06:00:00,2020-03-27 11:00:00,2020-03-27 21:00:00,2020-03-28 04:00:00,1490,1.1129,1.1107,1.111,2020-03-30 06:00:00
147,1370,Bull,1.0705,1.0636,1.0659,1407,Bear,1.0888,1.0849,1.0865,1415,Bull,1.0774,1.0746,1.0772,1471,Bear,1.1087,1.1059,1.1079,1481,Bull,1.0988,1.0953,1.0982,1488,Bear,1.1148,1.112,1.1142,2020-03-23 06:00:00,2020-03-24 19:00:00,2020-03-25 03:00:00,2020-03-27 11:00:00,2020-03-27 21:00:00,2020-03-28 04:00:00,1490,1.1129,1.1107,1.111,2020-03-30 06:00:00
148,1370,Bull,1.0705,1.0636,1.0659,1407,Bear,1.0888,1.0849,1.0865,1435,Bull,1.0839,1.0785,1.0835,1471,Bear,1.1087,1.1059,1.1079,1481,Bull,1.0988,1.0953,1.0982,1488,Bear,1.1148,1.112,1.1142,2020-03-23 06:00:00,2020-03-24 19:00:00,2020-03-25 23:00:00,2020-03-27 11:00:00,2020-03-27 21:00:00,2020-03-28 04:00:00,1490,1.1129,1.1107,1.111,2020-03-30 06:00:00
149,1415,Bull,1.0774,1.0746,1.0772,1429,Bear,1.085,1.0828,1.0843,1435,Bull,1.0839,1.0785,1.0835,1471,Bear,1.1087,1.1059,1.1079,1481,Bull,1.0988,1.0953,1.0982,1488,Bear,1.1148,1.112,1.1142,2020-03-25 03:00:00,2020-03-25 17:00:00,2020-03-25 23:00:00,2020-03-27 11:00:00,2020-03-27 21:00:00,2020-03-28 04:00:00,1490,1.1129,1.1107,1.111,2020-03-30 06:00:00
150,1488,Bear,1.1148,1.112,1.1142,1527,Bull,1.096,1.0927,1.0952,1537,Bear,1.1039,1.103,1.103,1602,Bull,1.0806,1.0773,1.0798,1617,Bear,1.0836,1.0812,1.0826,1625,Bull,1.0803,1.0768,1.0802,2020-03-28 04:00:00,2020-03-31 19:00:00,2020-04-01 05:00:00,2020-04-03 22:00:00,2020-04-06 13:00:00,2020-04-06 21:00:00,1627,1.0818,1.0783,1.0807,2020-04-06 23:00:00
151,1602,Bull,1.0806,1.0773,1.0798,1617,Bear,1.0836,1.0812,1.0826,1625,Bull,1.0803,1.0768,1.0802,1650,Bear,1.0926,1.0881,1.0884,1666,Bull,1.0883,1.083,1.0857,1724,Bear,1.0953,1.0947,1.0949,2020-04-03 22:00:00,2020-04-06 13:00:00,2020-04-06 21:00:00,2020-04-07 22:00:00,2020-04-08 14:00:00,2020-04-11 00:00:00,1731,1.0937,1.0931,1.0932,2020-04-13 07:00:00
152,1602,Bull,1.0806,1.0773,1.0798,1617,Bear,1.0836,1.0812,1.0826,1625,Bull,1.0803,1.0768,1.0802,1650,Bear,1.0926,1.0881,1.0884,1666,Bull,1.0883,1.083,1.0857,1739,Bear,1.0968,1.0944,1.0947,2020-04-03 22:00:00,2020-04-06 13:00:00,2020-04-06 21:00:00,2020-04-07 22:00:00,2020-04-08 14:00:00,2020-04-13 15:00:00,1742,1.0939,1.0903,1.0914,2020-04-13 18:00:00
153,1602,Bull,1.0806,1.0773,1.0798,1617,Bear,1.0836,1.0812,1.0826,1625,Bull,1.0803,1.0768,1.0802,1724,Bear,1.0953,1.0947,1.0949,1734,Bull,1.0932,1.0925,1.0929,1739,Bear,1.0968,1.0944,1.0947,2020-04-03 22:00:00,2020-04-06 13:00:00,2020-04-06 21:00:00,2020-04-11 00:00:00,2020-04-13 10:00:00,2020-04-13 15:00:00,1742,1.0939,1.0903,1.0914,2020-04-13 18:00:00
154,1625,Bull,1.0803,1.0768,1.0802,1650,Bear,1.0926,1.0881,1.0884,1666,Bull,1.0883,1.083,1.0857,1724,Bear,1.0953,1.0947,1.0949,1734,Bull,1.0932,1.0925,1.0929,1739,Bear,1.0968,1.0944,1.0947,2020-04-06 21:00:00,2020-04-07 22:00:00,2020-04-08 14:00:00,2020-04-11 00:00:00,2020-04-13 10:00:00,2020-04-13 15:00:00,1742,1.0939,1.0903,1.0914,2020-04-13 18:00:00
155,1602,Bull,1.0806,1.0773,1.0798,1617,Bear,1.0836,1.0812,1.0826,1625,Bull,1.0803,1.0768,1.0802,1739,Bear,1.0968,1.0944,1.0947,1747,Bull,1.0908,1.0893,1.0906,1777,Bear,1.0991,1.0978,1.0982,2020-04-03 22:00:00,2020-04-06 13:00:00,2020-04-06 21:00:00,2020-04-13 15:00:00,2020-04-13 23:00:00,2020-04-15 05:00:00,1785,1.0976,1.0963,1.0963,2020-04-15 13:00:00
156,1842,Bear,1.0893,1.0872,1.089,1858,Bull,1.0857,1.0841,1.0856,1861,Bear,1.0897,1.0878,1.0882,1917,Bull,1.0817,1.0803,1.0814,1930,Bear,1.0835,1.0811,1.0817,1934,Bull,1.0778,1.0756,1.0776,2020-04-17 22:00:00,2020-04-20 14:00:00,2020-04-20 17:00:00,2020-04-23 01:00:00,2020-04-23 14:00:00,2020-04-23 18:00:00,1936,1.0795,1.0765,1.0788,2020-04-23 20:00:00
157,1842,Bear,1.0893,1.0872,1.089,1858,Bull,1.0857,1.0841,1.0856,1861,Bear,1.0897,1.0878,1.0882,1934,Bull,1.0778,1.0756,1.0776,1938,Bear,1.0847,1.0792,1.0828,1955,Bull,1.0751,1.0727,1.0741,2020-04-17 22:00:00,2020-04-20 14:00:00,2020-04-20 17:00:00,2020-04-23 18:00:00,2020-04-23 22:00:00,2020-04-24 15:00:00,1957,1.0768,1.075,1.0765,2020-04-24 17:00:00
158,2178,Bull,1.0793,1.0767,1.0777,2273,Bear,1.0897,1.0853,1.0862,2295,Bull,1.0795,1.0775,1.0789,2366,Bear,1.0976,1.0944,1.0968,2376,Bull,1.0928,1.0919,1.0923,2394,Bear,1.0999,1.0978,1.0991,2020-05-07 22:00:00,2020-05-13 21:00:00,2020-05-14 19:00:00,2020-05-19 18:00:00,2020-05-20 04:00:00,2020-05-20 22:00:00,2396,1.0981,1.0971,1.0976,2020-05-21 00:00:00
159,2178,Bull,1.0793,1.0767,1.0777,2273,Bear,1.0897,1.0853,1.0862,2341,Bull,1.081,1.08,1.0809,2366,Bear,1.0976,1.0944,1.0968,2376,Bull,1.0928,1.0919,1.0923,2394,Bear,1.0999,1.0978,1.0991,2020-05-07 22:00:00,2020-05-13 21:00:00,2020-05-18 17:00:00,2020-05-19 18:00:00,2020-05-20 04:00:00,2020-05-20 22:00:00,2396,1.0981,1.0971,1.0976,2020-05-21 00:00:00
160,2236,Bull,1.081,1.0784,1.0793,2273,Bear,1.0897,1.0853,1.0862,2295,Bull,1.0795,1.0775,1.0789,2366,Bear,1.0976,1.0944,1.0968,2376,Bull,1.0928,1.0919,1.0923,2394,Bear,1.0999,1.0978,1.0991,2020-05-12 08:00:00,2020-05-13 21:00:00,2020-05-14 19:00:00,2020-05-19 18:00:00,2020-05-20 04:00:00,2020-05-20 22:00:00,2396,1.0981,1.0971,1.0976,2020-05-21 00:00:00
161,2295,Bull,1.0795,1.0775,1.0789,2321,Bear,1.0851,1.0823,1.0838,2341,Bull,1.081,1.08,1.0809,2366,Bear,1.0976,1.0944,1.0968,2376,Bull,1.0928,1.0919,1.0923,2394,Bear,1.0999,1.0978,1.0991,2020-05-14 19:00:00,2020-05-15 21:00:00,2020-05-18 17:00:00,2020-05-19 18:00:00,2020-05-20 04:00:00,2020-05-20 22:00:00,2396,1.0981,1.0971,1.0976,2020-05-21 00:00:00
162,2178,Bull,1.0793,1.0767,1.0777,2273,Bear,1.0897,1.0853,1.0862,2295,Bull,1.0795,1.0775,1.0789,2366,Bear,1.0976,1.0944,1.0968,2376,Bull,1.0928,1.0919,1.0923,2416,Bear,1.1008,1.0983,1.0996,2020-05-07 22:00:00,2020-05-13 21:00:00,2020-05-14 19:00:00,2020-05-19 18:00:00,2020-05-20 04:00:00,2020-05-21 20:00:00,2418,1.0989,1.0937,1.0939,2020-05-21 22:00:00
163,2178,Bull,1.0793,1.0767,1.0777,2273,Bear,1.0897,1.0853,1.0862,2295,Bull,1.0795,1.0775,1.0789,2394,Bear,1.0999,1.0978,1.0991,2409,Bull,1.0961,1.0952,1.0955,2416,Bear,1.1008,1.0983,1.0996,2020-05-07 22:00:00,2020-05-13 21:00:00,2020-05-14 19:00:00,2020-05-20 22:00:00,2020-05-21 13:00:00,2020-05-21 20:00:00,2418,1.0989,1.0937,1.0939,2020-05-21 22:00:00
164,2178,Bull,1.0793,1.0767,1.0777,2273,Bear,1.0897,1.0853,1.0862,2341,Bull,1.081,1.08,1.0809,2366,Bear,1.0976,1.0944,1.0968,2376,Bull,1.0928,1.0919,1.0923,2416,Bear,1.1008,1.0983,1.0996,2020-05-07 22:00:00,2020-05-13 21:00:00,2020-05-18 17:00:00,2020-05-19 18:00:00,2020-05-20 04:00:00,2020-05-21 20:00:00,2418,1.0989,1.0937,1.0939,2020-05-21 22:00:00
165,2178,Bull,1.0793,1.0767,1.0777,2273,Bear,1.0897,1.0853,1.0862,2341,Bull,1.081,1.08,1.0809,2394,Bear,1.0999,1.0978,1.0991,2409,Bull,1.0961,1.0952,1.0955,2416,Bear,1.1008,1.0983,1.0996,2020-05-07 22:00:00,2020-05-13 21:00:00,2020-05-18 17:00:00,2020-05-20 22:00:00,2020-05-21 13:00:00,2020-05-21 20:00:00,2418,1.0989,1.0937,1.0939,2020-05-21 22:00:00
166,2236,Bull,1.081,1.0784,1.0793,2273,Bear,1.0897,1.0853,1.0862,2295,Bull,1.0795,1.0775,1.0789,2366,Bear,1.0976,1.0944,1.0968,2376,Bull,1.0928,1.0919,1.0923,2416,Bear,1.1008,1.0983,1.0996,2020-05-12 08:00:00,2020-05-13 21:00:00,2020-05-14 19:00:00,2020-05-19 18:00:00,2020-05-20 04:00:00,2020-05-21 20:00:00,2418,1.0989,1.0937,1.0939,2020-05-21 22:00:00
167,2236,Bull,1.081,1.0784,1.0793,2273,Bear,1.0897,1.0853,1.0862,2295,Bull,1.0795,1.0775,1.0789,2394,Bear,1.0999,1.0978,1.0991,2409,Bull,1.0961,1.0952,1.0955,2416,Bear,1.1008,1.0983,1.0996,2020-05-12 08:00:00,2020-05-13 21:00:00,2020-05-14 19:00:00,2020-05-20 22:00:00,2020-05-21 13:00:00,2020-05-21 20:00:00,2418,1.0989,1.0937,1.0939,2020-05-21 22:00:00
168,2295,Bull,1.0795,1.0775,1.0789,2321,Bear,1.0851,1.0823,1.0838,2341,Bull,1.081,1.08,1.0809,2366,Bear,1.0976,1.0944,1.0968,2376,Bull,1.0928,1.0919,1.0923,2416,Bear,1.1008,1.0983,1.0996,2020-05-14 19:00:00,2020-05-15 21:00:00,2020-05-18 17:00:00,2020-05-19 18:00:00,2020-05-20 04:00:00,2020-05-21 20:00:00,2418,1.0989,1.0937,1.0939,2020-05-21 22:00:00
169,2295,Bull,1.0795,1.0775,1.0789,2321,Bear,1.0851,1.0823,1.0838,2341,Bull,1.081,1.08,1.0809,2394,Bear,1.0999,1.0978,1.0991,2409,Bull,1.0961,1.0952,1.0955,2416,Bear,1.1008,1.0983,1.0996,2020-05-14 19:00:00,2020-05-15 21:00:00,2020-05-18 17:00:00,2020-05-20 22:00:00,2020-05-21 13:00:00,2020-05-21 20:00:00,2418,1.0989,1.0937,1.0939,2020-05-21 22:00:00
170,2295,Bull,1.0795,1.0775,1.0789,2321,Bear,1.0851,1.0823,1.0838,2341,Bull,1.081,1.08,1.0809,2416,Bear,1.1008,1.0983,1.0996,2459,Bull,1.0882,1.0871,1.0876,2525,Bear,1.1035,1.1016,1.1027,2020-05-14 19:00:00,2020-05-15 21:00:00,2020-05-18 17:00:00,2020-05-21 20:00:00,2020-05-25 15:00:00,2020-05-28 09:00:00,2527,1.1021,1.1009,1.1012,2020-05-28 11:00:00
171,2295,Bull,1.0795,1.0775,1.0789,2321,Bear,1.0851,1.0823,1.0838,2341,Bull,1.081,1.08,1.0809,2560,Bear,1.1145,1.1129,1.113,2565,Bull,1.1099,1.1081,1.1091,2579,Bear,1.1154,1.1132,1.1149,2020-05-14 19:00:00,2020-05-15 21:00:00,2020-05-18 17:00:00,2020-05-29 20:00:00,2020-05-30 01:00:00,2020-06-01 15:00:00,2581,1.1141,1.1108,1.1114,2020-06-01 17:00:00
172,2295,Bull,1.0795,1.0775,1.0789,2416,Bear,1.1008,1.0983,1.0996,2459,Bull,1.0882,1.0871,1.0876,2560,Bear,1.1145,1.1129,1.113,2565,Bull,1.1099,1.1081,1.1091,2579,Bear,1.1154,1.1132,1.1149,2020-05-14 19:00:00,2020-05-21 20:00:00,2020-05-25 15:00:00,2020-05-29 20:00:00,2020-05-30 01:00:00,2020-06-01 15:00:00,2581,1.1141,1.1108,1.1114,2020-06-01 17:00:00
173,2341,Bull,1.081,1.08,1.0809,2416,Bear,1.1008,1.0983,1.0996,2459,Bull,1.0882,1.0871,1.0876,2560,Bear,1.1145,1.1129,1.113,2565,Bull,1.1099,1.1081,1.1091,2579,Bear,1.1154,1.1132,1.1149,2020-05-18 17:00:00,2020-05-21 20:00:00,2020-05-25 15:00:00,2020-05-29 20:00:00,2020-05-30 01:00:00,2020-06-01 15:00:00,2581,1.1141,1.1108,1.1114,2020-06-01 17:00:00
174,2295,Bull,1.0795,1.0775,1.0789,2321,Bear,1.0851,1.0823,1.0838,2341,Bull,1.081,1.08,1.0809,2560,Bear,1.1145,1.1129,1.113,2565,Bull,1.1099,1.1081,1.1091,2605,Bear,1.1188,1.117,1.118,2020-05-14 19:00:00,2020-05-15 21:00:00,2020-05-18 17:00:00,2020-05-29 20:00:00,2020-05-30 01:00:00,2020-06-02 17:00:00,2607,1.117,1.1155,1.1169,2020-06-02 19:00:00
175,2295,Bull,1.0795,1.0775,1.0789,2321,Bear,1.0851,1.0823,1.0838,2341,Bull,1.081,1.08,1.0809,2579,Bear,1.1154,1.1132,1.1149,2582,Bull,1.1116,1.1101,1.1106,2605,Bear,1.1188,1.117,1.118,2020-05-14 19:00:00,2020-05-15 21:00:00,2020-05-18 17:00:00,2020-06-01 15:00:00,2020-06-01 18:00:00,2020-06-02 17:00:00,2607,1.117,1.1155,1.1169,2020-06-02 19:00:00
176,2295,Bull,1.0795,1.0775,1.0789,2416,Bear,1.1008,1.0983,1.0996,2459,Bull,1.0882,1.0871,1.0876,2560,Bear,1.1145,1.1129,1.113,2565,Bull,1.1099,1.1081,1.1091,2605,Bear,1.1188,1.117,1.118,2020-05-14 19:00:00,2020-05-21 20:00:00,2020-05-25 15:00:00,2020-05-29 20:00:00,2020-05-30 01:00:00,2020-06-02 17:00:00,2607,1.117,1.1155,1.1169,2020-06-02 19:00:00
177,2295,Bull,1.0795,1.0775,1.0789,2416,Bear,1.1008,1.0983,1.0996,2459,Bull,1.0882,1.0871,1.0876,2579,Bear,1.1154,1.1132,1.1149,2582,Bull,1.1116,1.1101,1.1106,2605,Bear,1.1188,1.117,1.118,2020-05-14 19:00:00,2020-05-21 20:00:00,2020-05-25 15:00:00,2020-06-01 15:00:00,2020-06-01 18:00:00,2020-06-02 17:00:00,2607,1.117,1.1155,1.1169,2020-06-02 19:00:00
178,2341,Bull,1.081,1.08,1.0809,2416,Bear,1.1008,1.0983,1.0996,2459,Bull,1.0882,1.0871,1.0876,2560,Bear,1.1145,1.1129,1.113,2565,Bull,1.1099,1.1081,1.1091,2605,Bear,1.1188,1.117,1.118,2020-05-18 17:00:00,2020-05-21 20:00:00,2020-05-25 15:00:00,2020-05-29 20:00:00,2020-05-30 01:00:00,2020-06-02 17:00:00,2607,1.117,1.1155,1.1169,2020-06-02 19:00:00
179,2341,Bull,1.081,1.08,1.0809,2416,Bear,1.1008,1.0983,1.0996,2459,Bull,1.0882,1.0871,1.0876,2579,Bear,1.1154,1.1132,1.1149,2582,Bull,1.1116,1.1101,1.1106,2605,Bear,1.1188,1.117,1.118,2020-05-18 17:00:00,2020-05-21 20:00:00,2020-05-25 15:00:00,2020-06-01 15:00:00,2020-06-01 18:00:00,2020-06-02 17:00:00,2607,1.117,1.1155,1.1169,2020-06-02 19:00:00
180,2295,Bull,1.0795,1.0775,1.0789,2321,Bear,1.0851,1.0823,1.0838,2341,Bull,1.081,1.08,1.0809,2560,Bear,1.1145,1.1129,1.113,2565,Bull,1.1099,1.1081,1.1091,2610,Bear,1.1196,1.1175,1.1184,2020-05-14 19:00:00,2020-05-15 21:00:00,2020-05-18 17:00:00,2020-05-29 20:00:00,2020-05-30 01:00:00,2020-06-02 22:00:00,2615,1.1173,1.1161,1.1165,2020-06-03 03:00:00
181,2295,Bull,1.0795,1.0775,1.0789,2321,Bear,1.0851,1.0823,1.0838,2341,Bull,1.081,1.08,1.0809,2579,Bear,1.1154,1.1132,1.1149,2582,Bull,1.1116,1.1101,1.1106,2610,Bear,1.1196,1.1175,1.1184,2020-05-14 19:00:00,2020-05-15 21:00:00,2020-05-18 17:00:00,2020-06-01 15:00:00,2020-06-01 18:00:00,2020-06-02 22:00:00,2615,1.1173,1.1161,1.1165,2020-06-03 03:00:00
182,2295,Bull,1.0795,1.0775,1.0789,2416,Bear,1.1008,1.0983,1.0996,2459,Bull,1.0882,1.0871,1.0876,2560,Bear,1.1145,1.1129,1.113,2565,Bull,1.1099,1.1081,1.1091,2610,Bear,1.1196,1.1175,1.1184,2020-05-14 19:00:00,2020-05-21 20:00:00,2020-05-25 15:00:00,2020-05-29 20:00:00,2020-05-30 01:00:00,2020-06-02 22:00:00,2615,1.1173,1.1161,1.1165,2020-06-03 03:00:00
183,2295,Bull,1.0795,1.0775,1.0789,2416,Bear,1.1008,1.0983,1.0996,2459,Bull,1.0882,1.0871,1.0876,2579,Bear,1.1154,1.1132,1.1149,2582,Bull,1.1116,1.1101,1.1106,2610,Bear,1.1196,1.1175,1.1184,2020-05-14 19:00:00,2020-05-21 20:00:00,2020-05-25 15:00:00,2020-06-01 15:00:00,2020-06-01 18:00:00,2020-06-02 22:00:00,2615,1.1173,1.1161,1.1165,2020-06-03 03:00:00
184,2341,Bull,1.081,1.08,1.0809,2416,Bear,1.1008,1.0983,1.0996,2459,Bull,1.0882,1.0871,1.0876,2560,Bear,1.1145,1.1129,1.113,2565,Bull,1.1099,1.1081,1.1091,2610,Bear,1.1196,1.1175,1.1184,2020-05-18 17:00:00,2020-05-21 20:00:00,2020-05-25 15:00:00,2020-05-29 20:00:00,2020-05-30 01:00:00,2020-06-02 22:00:00,2615,1.1173,1.1161,1.1165,2020-06-03 03:00:00
185,2341,Bull,1.081,1.08,1.0809,2416,Bear,1.1008,1.0983,1.0996,2459,Bull,1.0882,1.0871,1.0876,2579,Bear,1.1154,1.1132,1.1149,2582,Bull,1.1116,1.1101,1.1106,2610,Bear,1.1196,1.1175,1.1184,2020-05-18 17:00:00,2020-05-21 20:00:00,2020-05-25 15:00:00,2020-06-01 15:00:00,2020-06-01 18:00:00,2020-06-02 22:00:00,2615,1.1173,1.1161,1.1165,2020-06-03 03:00:00
186,2295,Bull,1.0795,1.0775,1.0789,2321,Bear,1.0851,1.0823,1.0838,2341,Bull,1.081,1.08,1.0809,2560,Bear,1.1145,1.1129,1.113,2565,Bull,1.1099,1.1081,1.1091,2627,Bear,1.1228,1.1206,1.1216,2020-05-14 19:00:00,2020-05-15 21:00:00,2020-05-18 17:00:00,2020-05-29 20:00:00,2020-05-30 01:00:00,2020-06-03 15:00:00,2631,1.1206,1.1184,1.1194,2020-06-03 19:00:00
187,2295,Bull,1.0795,1.0775,1.0789,2321,Bear,1.0851,1.0823,1.0838,2341,Bull,1.081,1.08,1.0809,2579,Bear,1.1154,1.1132,1.1149,2582,Bull,1.1116,1.1101,1.1106,2627,Bear,1.1228,1.1206,1.1216,2020-05-14 19:00:00,2020-05-15 21:00:00,2020-05-18 17:00:00,2020-06-01 15:00:00,2020-06-01 18:00:00,2020-06-03 15:00:00,2631,1.1206,1.1184,1.1194,2020-06-03 19:00:00
188,2295,Bull,1.0795,1.0775,1.0789,2416,Bear,1.1008,1.0983,1.0996,2459,Bull,1.0882,1.0871,1.0876,2560,Bear,1.1145,1.1129,1.113,2565,Bull,1.1099,1.1081,1.1091,2627,Bear,1.1228,1.1206,1.1216,2020-05-14 19:00:00,2020-05-21 20:00:00,2020-05-25 15:00:00,2020-05-29 20:00:00,2020-05-30 01:00:00,2020-06-03 15:00:00,2631,1.1206,1.1184,1.1194,2020-06-03 19:00:00
189,2295,Bull,1.0795,1.0775,1.0789,2416,Bear,1.1008,1.0983,1.0996,2459,Bull,1.0882,1.0871,1.0876,2579,Bear,1.1154,1.1132,1.1149,2582,Bull,1.1116,1.1101,1.1106,2627,Bear,1.1228,1.1206,1.1216,2020-05-14 19:00:00,2020-05-21 20:00:00,2020-05-25 15:00:00,2020-06-01 15:00:00,2020-06-01 18:00:00,2020-06-03 15:00:00,2631,1.1206,1.1184,1.1194,2020-06-03 19:00:00
190,2341,Bull,1.081,1.08,1.0809,2416,Bear,1.1008,1.0983,1.0996,2459,Bull,1.0882,1.0871,1.0876,2560,Bear,1.1145,1.1129,1.113,2565,Bull,1.1099,1.1081,1.1091,2627,Bear,1.1228,1.1206,1.1216,2020-05-18 17:00:00,2020-05-21 20:00:00,2020-05-25 15:00:00,2020-05-29 20:00:00,2020-05-30 01:00:00,2020-06-03 15:00:00,2631,1.1206,1.1184,1.1194,2020-06-03 19:00:00
191,2341,Bull,1.081,1.08,1.0809,2416,Bear,1.1008,1.0983,1.0996,2459,Bull,1.0882,1.0871,1.0876,2579,Bear,1.1154,1.1132,1.1149,2582,Bull,1.1116,1.1101,1.1106,2627,Bear,1.1228,1.1206,1.1216,2020-05-18 17:00:00,2020-05-21 20:00:00,2020-05-25 15:00:00,2020-06-01 15:00:00,2020-06-01 18:00:00,2020-06-03 15:00:00,2631,1.1206,1.1184,1.1194,2020-06-03 19:00:00
192,2341,Bull,1.081,1.08,1.0809,2416,Bear,1.1008,1.0983,1.0996,2459,Bull,1.0882,1.0871,1.0876,2560,Bear,1.1145,1.1129,1.113,2565,Bull,1.1099,1.1081,1.1091,2639,Bear,1.1258,1.1236,1.1242,2020-05-18 17:00:00,2020-05-21 20:00:00,2020-05-25 15:00:00,2020-05-29 20:00:00,2020-05-30 01:00:00,2020-06-04 03:00:00,2642,1.1237,1.123,1.1232,2020-06-04 06:00:00
193,2341,Bull,1.081,1.08,1.0809,2416,Bear,1.1008,1.0983,1.0996,2459,Bull,1.0882,1.0871,1.0876,2579,Bear,1.1154,1.1132,1.1149,2582,Bull,1.1116,1.1101,1.1106,2639,Bear,1.1258,1.1236,1.1242,2020-05-18 17:00:00,2020-05-21 20:00:00,2020-05-25 15:00:00,2020-06-01 15:00:00,2020-06-01 18:00:00,2020-06-04 03:00:00,2642,1.1237,1.123,1.1232,2020-06-04 06:00:00
194,2341,Bull,1.081,1.08,1.0809,2416,Bear,1.1008,1.0983,1.0996,2459,Bull,1.0882,1.0871,1.0876,2560,Bear,1.1145,1.1129,1.113,2565,Bull,1.1099,1.1081,1.1091,2674,Bear,1.1384,1.1364,1.1373,2020-05-18 17:00:00,2020-05-21 20:00:00,2020-05-25 15:00:00,2020-05-29 20:00:00,2020-05-30 01:00:00,2020-06-05 14:00:00,2676,1.1356,1.1326,1.1332,2020-06-05 16:00:00
195,2341,Bull,1.081,1.08,1.0809,2416,Bear,1.1008,1.0983,1.0996,2459,Bull,1.0882,1.0871,1.0876,2579,Bear,1.1154,1.1132,1.1149,2582,Bull,1.1116,1.1101,1.1106,2674,Bear,1.1384,1.1364,1.1373,2020-05-18 17:00:00,2020-05-21 20:00:00,2020-05-25 15:00:00,2020-06-01 15:00:00,2020-06-01 18:00:00,2020-06-05 14:00:00,2676,1.1356,1.1326,1.1332,2020-06-05 16:00:00
196,2341,Bull,1.081,1.08,1.0809,2416,Bear,1.1008,1.0983,1.0996,2459,Bull,1.0882,1.0871,1.0876,2639,Bear,1.1258,1.1236,1.1242,2652,Bull,1.121,1.1195,1.1207,2674,Bear,1.1384,1.1364,1.1373,2020-05-18 17:00:00,2020-05-21 20:00:00,2020-05-25 15:00:00,2020-06-04 03:00:00,2020-06-04 16:00:00,2020-06-05 14:00:00,2676,1.1356,1.1326,1.1332,2020-06-05 16:00:00
197,2459,Bull,1.0882,1.0871,1.0876,2560,Bear,1.1145,1.1129,1.113,2565,Bull,1.1099,1.1081,1.1091,2674,Bear,1.1384,1.1364,1.1373,2724,Bull,1.127,1.1241,1.1262,2751,Bear,1.1389,1.1364,1.1386,2020-05-25 15:00:00,2020-05-29 20:00:00,2020-05-30 01:00:00,2020-06-05 14:00:00,2020-06-09 16:00:00,2020-06-10 19:00:00,2754,1.1378,1.1345,1.135,2020-06-10 22:00:00
198,2459,Bull,1.0882,1.0871,1.0876,2579,Bear,1.1154,1.1132,1.1149,2582,Bull,1.1116,1.1101,1.1106,2674,Bear,1.1384,1.1364,1.1373,2724,Bull,1.127,1.1241,1.1262,2751,Bear,1.1389,1.1364,1.1386,2020-05-25 15:00:00,2020-06-01 15:00:00,2020-06-01 18:00:00,2020-06-05 14:00:00,2020-06-09 16:00:00,2020-06-10 19:00:00,2754,1.1378,1.1345,1.135,2020-06-10 22:00:00
199,2459,Bull,1.0882,1.0871,1.0876,2639,Bear,1.1258,1.1236,1.1242,2652,Bull,1.121,1.1195,1.1207,2674,Bear,1.1384,1.1364,1.1373,2724,Bull,1.127,1.1241,1.1262,2751,Bear,1.1389,1.1364,1.1386,2020-05-25 15:00:00,2020-06-04 03:00:00,2020-06-04 16:00:00,2020-06-05 14:00:00,2020-06-09 16:00:00,2020-06-10 19:00:00,2754,1.1378,1.1345,1.135,2020-06-10 22:00:00
200,2565,Bull,1.1099,1.1081,1.1091,2579,Bear,1.1154,1.1132,1.1149,2582,Bull,1.1116,1.1101,1.1106,2674,Bear,1.1384,1.1364,1.1373,2724,Bull,1.127,1.1241,1.1262,2751,Bear,1.1389,1.1364,1.1386,2020-05-30 01:00:00,2020-06-01 15:00:00,2020-06-01 18:00:00,2020-06-05 14:00:00,2020-06-09 16:00:00,2020-06-10 19:00:00,2754,1.1378,1.1345,1.135,2020-06-10 22:00:00
201,2565,Bull,1.1099,1.1081,1.1091,2639,Bear,1.1258,1.1236,1.1242,2652,Bull,1.121,1.1195,1.1207,2674,Bear,1.1384,1.1364,1.1373,2724,Bull,1.127,1.1241,1.1262,2751,Bear,1.1389,1.1364,1.1386,2020-05-30 01:00:00,2020-06-04 03:00:00,2020-06-04 16:00:00,2020-06-05 14:00:00,2020-06-09 16:00:00,2020-06-10 19:00:00,2754,1.1378,1.1345,1.135,2020-06-10 22:00:00
202,2582,Bull,1.1116,1.1101,1.1106,2639,Bear,1.1258,1.1236,1.1242,2652,Bull,1.121,1.1195,1.1207,2674,Bear,1.1384,1.1364,1.1373,2724,Bull,1.127,1.1241,1.1262,2751,Bear,1.1389,1.1364,1.1386,2020-06-01 18:00:00,2020-06-04 03:00:00,2020-06-04 16:00:00,2020-06-05 14:00:00,2020-06-09 16:00:00,2020-06-10 19:00:00,2754,1.1378,1.1345,1.135,2020-06-10 22:00:00
